Name,Rank,레벨,Class,Race,Sex,Last Online (Days),Main/Alt,Player Alts,Join Date,Promo Date,Rank History,Birthday,Guild Rep,Public Note,Officer Note,Custom Note,Mythic+ Score,Faction
Acg,安德麦滴滴司机,80,法师,亡灵,Male,206,,,,,,,崇拜,,,,2730,Horde
Alencetr,安德麦滴滴司机,58,猎人,兽人,Male,1263,,,,,,,崇拜,我很菜手残LR,,,0,Horde
Anann,安德麦滴滴司机,80,猎人,血精灵,Male,218,,,,,,,崇敬,,,,2684,Horde
Anky,安德麦滴滴司机,80,牧师,血精灵,Female,7,,,,,,,崇拜,,,,498,Horde
Austinkeeper,安德麦滴滴司机,80,圣骑士,人类,Male,169,,,,,,,崇拜,,,,2654,Alliance
Austinrunner,安德麦滴滴司机,80,术士,虚空精灵,Female,45,,,,,,,崇敬,,,,3059,Alliance
Ayanto,黑水海盗外包岗,55,猎人,巨魔,Male,232,,,,,,,崇拜,,,,0,Horde
Babydill,安德麦滴滴司机,80,唤魔师,幻容,Female,148,,,,,,,中立,,,,0,Horde
Babydoll,安德麦滴滴司机,80,牧师,血精灵,Female,71,,,,,,,尊敬,,,,0,Horde
Babydoll,安德麦滴滴司机,80,德鲁伊,暗夜精灵,Female,139,,,,,,,崇敬,,,,0,Alliance
Babydoll,黑水海盗外包岗,80,战士,幻容,Female,70,,,,,,,崇拜,,,,178,Horde
Bbee,热砂炼金实习生,70,法师,兽人,Female,259,,,,,,,崇拜,,,,0,Horde
Bbvv,暗索高级特工,70,唤魔师,幻容,Female,259,,,,,,,崇拜,,,,0,Horde
Bigb,安德麦滴滴司机,80,圣骑士,牛头人,Male,199,,,,,,,中立,,,,472,Horde
Blackstream,安德麦滴滴司机,80,战士,兽人,Female,0.08,,,,,,,崇拜,,,,0,Horde
Caryzdan,黑水海盗外包岗,51,恶魔猎手,血精灵,Female,338,,,,,,,崇拜,,,,0,Horde
Chanpp,安德麦滴滴司机,80,萨满祭司,黑铁矮人,Male,243,,,,,,,中立,,,,2841,Alliance
Charming,安德麦滴滴司机,80,术士,夜之子,Female,3,,,,,,,崇拜,,,,0,Horde
Chris,安德麦滴滴司机,70,法师,巨魔,Male,343,,,,,,,崇拜,,,,0,Horde
Chyan,安德麦滴滴司机,61,猎人,兽人,Male,266,,,,,,,崇敬,,,,0,Horde
Contract,安德麦滴滴司机,70,猎人,兽人,Male,301,,,,,,,崇拜,,,,0,Horde
Dadie,安德麦滴滴司机,80,战士,玛格汉兽人,Male,24,,,,,,,友善,,,,2982,Horde
Dfhsgfd,安德麦滴滴司机,60,武僧,赞达拉巨魔,Male,162,,,,,,,中立,休闲坐骑党,,,0,Horde
Donleon,安德麦滴滴司机,80,恶魔猎手,血精灵,Male,0.38,,,,,,,崇拜,,,,0,Horde
Echoing,暗索高级特工,80,战士,赞达拉巨魔,Male,120,,,,,,,崇拜,,,,1401,Horde
Edcee,安德麦滴滴司机,80,死亡骑士,玛格汉兽人,Male,94,,,,,,,崇拜,,,,0,Horde
Eevv,热砂炼金实习生,61,唤魔师,幻容,Male,168,,,,,,,友善,,,,0,Horde
Eggbreak,黑水海盗外包岗,63,潜行者,亡灵,Male,168,,,,,,,崇拜,Echoing,,,0,Horde
Eggfly,安德麦滴滴司机,65,死亡骑士,玛格汉兽人,Male,247,,,,,,,崇拜,Echoing,,,0,Horde
Etrhniylogud,安德麦滴滴司机,80,德鲁伊,巨魔,Female,3,,,,,,,尊敬,,,,0,Horde
Evermore,风险投资公司业务员,60,圣骑士,血精灵,Female,171,,,,,,,崇拜,白鲸,,,0,Horde
Eyedhunter,安德麦滴滴司机,80,潜行者,血精灵,Female,0.02,,,,,,,崇拜,,,,0,Horde
Fawn,安德麦滴滴司机,80,猎人,血精灵,Female,53,,,,,,,友善,,,,261,Horde
Firstshoot,锈水财阀合同工,80,猎人,巨魔,Female,0.67,,,,,,,崇拜,,,,3014,Horde
Flaman,风险投资公司业务员,80,萨满祭司,至高岭牛头人,Male,238,,,,,,,崇拜,,,,2861,Horde
Grislybee,安德麦滴滴司机,50,潜行者,兽人,Male,919,,,,,,,崇拜,PVP玩家,,,0,Horde
Headshoot,安德麦滴滴司机,80,猎人,人类,Female,18,,,,,,,崇敬,,,,3075,Alliance
Healed,风险投资公司业务员,70,牧师,巨魔,Female,327,,,,,,,崇拜,弯弯,,,0,Horde
Hotsummer,热砂炼金实习生,80,术士,亡灵,Male,139,,,,,,,崇拜,,,,0,Horde
Hpynoetized,热砂炼金实习生,80,术士,暗夜精灵,Female,244,,,,,,,崇拜,,,,416,Alliance
Hpynotized,安德麦滴滴司机,80,唤魔师,幻容,Female,243,,,,,,,中立,,,,2650,Alliance
Inspired,安德麦滴滴司机,75,德鲁伊,牛头人,Male,253,,,,,,,尊敬,,,,0,Horde
Jackleokk,安德麦滴滴司机,80,唤魔师,幻容,Female,74,,,,,,,中立,,,,0,Horde
Jojolin,安德麦滴滴司机,80,死亡骑士,血精灵,Female,229,,,,,,,崇拜,当红辣子鸡,,,0,Horde
Juunoo,安德麦滴滴司机,80,武僧,熊猫人,Female,6,,,,,,,中立,,,,0,Horde
Khar,安德麦滴滴司机,59,死亡骑士,兽人,Female,265,,,,,,,崇拜,,,,0,Horde
Kidman,黑水海盗外包岗,60,猎人,血精灵,Female,162,,,,,,,崇拜,白鲸,,,0,Horde
Lazencalol,安德麦滴滴司机,69,圣骑士,血精灵,Female,251,,,,,,,崇敬,,,,0,Horde
Lazencasaveu,安德麦滴滴司机,55,唤魔师,幻容,Male,285,,,,,,,尊敬,,,,0,Horde
Lemonwhiskey,安德麦滴滴司机,80,猎人,兽人,Male,13,,,,,,,尊敬,,,,2984,Horde
Locky,安德麦滴滴司机,80,法师,狐人,Female,6,,,,,,,崇拜,,,,0,Horde
Longaotian,安德麦滴滴司机,11,武僧,土灵,Male,28,,,,,,,中立,,,,0,Horde
Longmeimei,安德麦滴滴司机,11,武僧,夜之子,Female,68,,,,,,,中立,,,,0,Horde
Longmeizi,安德麦滴滴司机,11,武僧,虚空精灵,Female,161,,,,,,,中立,,,,0,Alliance
Longtianao,安德麦滴滴司机,11,武僧,库尔提拉斯人,Male,28,,,,,,,中立,,,,0,Alliance
Matteo,安德麦滴滴司机,80,法师,暗夜精灵,Female,229,,,,,,,友善,,,,1869,Alliance
Melbournei,安德麦滴滴司机,80,猎人,巨魔,Female,71,,,,,,,尊敬,,,,0,Horde
Melinda,安德麦滴滴司机,70,法师,亡灵,Male,350,,,,,,,崇拜,,,,372,Horde
Mengsk,锈水财阀合同工,80,武僧,血精灵,Female,22,,,,,,,友善,,,,3010,Horde
Meteorra,暗索高级特工,80,法师,矮人,Female,0.02,,,,,,,崇拜,,,,3798,Alliance
Mmonday,锈水财阀合同工,80,术士,夜之子,Female,260,,,,,,,崇拜,,,,0,Horde
Niflheim,风险投资公司业务员,70,死亡骑士,兽人,Female,11,,,,,,,尊敬,,,,0,Horde
Octoober,安德麦滴滴司机,80,法师,虚空精灵,Female,2,,,,,,,崇敬,,,,0,Alliance
Oliveoyl,锈水财阀合同工,80,恶魔猎手,血精灵,Female,1,,,,,,,崇拜,,,,0,Horde
Olof,安德麦滴滴司机,62,法师,血精灵,Female,355,,,,,,,崇敬,,,,0,Horde
Pigeonc,安德麦滴滴司机,80,潜行者,血精灵,Female,2,,,,,,,崇拜,,,,2573,Horde
Pigeoncc,安德麦滴滴司机,80,术士,血精灵,Female,2,,,,,,,崇拜,,,,0,Horde
Pigeonpapa,黑水海盗外包岗,80,死亡骑士,血精灵,Female,0.13,,,,,,,崇拜,,,,1181,Horde
Pigeonsky,安德麦滴滴司机,11,武僧,狐人,Female,160,,,,,,,中立,,,,0,Horde
Playerceksgk,安德麦滴滴司机,80,恶魔猎手,血精灵,Male,5,,,,,,,崇敬,,,,0,Horde
Playercodbrn,安德麦滴滴司机,70,恶魔猎手,血精灵,Female,321,,,,,,,崇拜,,,,0,Horde
Playerhotydn,安德麦滴滴司机,80,死亡骑士,兽人,Female,0.02,,,,,,,崇拜,,,,2702,Horde
Playerinntxe,安德麦滴滴司机,80,法师,巨魔,Female,5,,,,,,,崇敬,,,,0,Horde
Playerjgeefs,安德麦滴滴司机,80,牧师,亡灵,Male,5,,,,,,,崇敬,,,,0,Horde
Playerozwmdv,安德麦滴滴司机,80,圣骑士,牛头人,Male,5,,,,,,,崇敬,,,,0,Horde
Playerpteftp,安德麦滴滴司机,80,术士,血精灵,Female,5,,,,,,,崇拜,,,,327,Horde
Playerwqhvlt,加乐宫白金会员,80,猎人,兽人,Female,0.02,,,,,,,崇拜,,,,2879,Horde
Playeryqfend,安德麦滴滴司机,80,萨满祭司,地精,Female,5,,,,,,,崇敬,,,,0,Horde
Pow,黑水海盗外包岗,73,术士,亡灵,Male,2,,,,,,,崇拜,,,,0,Horde
Powder,热砂炼金实习生,80,死亡骑士,兽人,Male,243,,,,,,,崇拜,,,,2522,Horde
Pro,锈水财阀合同工,80,潜行者,亡灵,Male,15,,,,,,,崇拜,,,,3532,Horde
Ravenous,安德麦滴滴司机,80,猎人,血精灵,Female,3,,,,,,,崇拜,,,,0,Horde
Reboom,热砂炼金实习生,80,死亡骑士,熊猫人,Male,300,,,,,,,崇拜,,,,1174,Horde
Regaindream,安德麦滴滴司机,80,圣骑士,血精灵,Male,0.79,,,,,,,崇拜,,,,0,Horde
Reiskuchen,安德麦滴滴司机,80,战士,牛头人,Male,2,,,,,,,崇拜,,,,0,Horde
Remstein,暗索高级特工,80,圣骑士,牛头人,Male,138,,,,,,,崇拜,,,,220,Horde
Rhaenyra,安德麦滴滴司机,60,唤魔师,幻容,Female,97,,,,,,,中立,,,,0,Horde
Riho,安德麦滴滴司机,80,圣骑士,血精灵,Female,187,,,,,,,崇拜,,,,2873,Horde
Rudh,安德麦滴滴司机,80,恶魔猎手,暗夜精灵,Female,159,,,,,,,友善,,,,367,Alliance
Ruling,锈水财阀合同工,80,圣骑士,牛头人,Male,0.75,,,,,,,崇拜,,,,3005,Horde
Russ,黑水海盗外包岗,57,死亡骑士,兽人,Male,303,,,,,,,崇拜,,,,0,Horde
Scott,安德麦滴滴司机,60,猎人,血精灵,Male,270,,,,,,,尊敬,我不是锈铁,,,0,Horde
Solus,安德麦滴滴司机,80,圣骑士,光铸德莱尼,Female,10,,,,,,,崇拜,,,,2550,Alliance
Speyside,安德麦滴滴司机,60,法师,血精灵,Female,99,,,,,,,友善,,,,0,Horde
Ssunday,加乐宫白金会员,80,恶魔猎手,血精灵,Female,259,,,,,,,崇拜,,,,1843,Horde
Summos,安德麦滴滴司机,70,法师,黑铁矮人,Female,11,,,,,,,尊敬,,,,0,Alliance
Tearrose,安德麦滴滴司机,80,恶魔猎手,血精灵,Female,236,,,,,,,崇拜,当红炸子鸡,,,782,Horde
Tomim,安德麦滴滴司机,61,唤魔师,幻容,Male,160,,,,,,,中立,,,,0,Alliance
Tomimi,安德麦滴滴司机,73,法师,血精灵,Female,17,,,,,,,尊敬,,,,0,Horde
Toughness,热砂炼金实习生,70,战士,兽人,Male,940,,,,,,,崇拜,萌新？爷新！,,,0,Horde
Vandecamp,安德麦滴滴司机,60,德鲁伊,牛头人,Female,171,,,,,,,崇拜,baijing,,,0,Horde
Visons,热砂炼金实习生,60,死亡骑士,血精灵,Female,114,,,,,,,崇拜,白鲸,,,0,Horde
Windfox,安德麦滴滴司机,80,死亡骑士,狐人,Male,210,,,,,,,崇敬,,,,0,Horde
Wooplc,安德麦滴滴司机,80,猎人,巨魔,Female,217,,,,,,,崇敬,,,,0,Horde
Yuga,安德麦滴滴司机,80,法师,虚空精灵,Female,2,,,,,,,友善,,,,0,Alliance
一华一茉,安德麦滴滴司机,80,萨满祭司,狐人,Male,119,,,,,,,友善,,,,0,Horde
一只元素萨,风险投资公司业务员,80,萨满祭司,矮人,Male,4,,,,,,,友善,,,,0,Alliance
一只冰迪凯,安德麦滴滴司机,80,死亡骑士,虚空精灵,Female,254,,,,,,,中立,,,,0,Alliance
一只增强萨,安德麦滴滴司机,70,萨满祭司,狐人,Female,349,,,,,,,中立,,,,0,Horde
一只小脑斧丶,安德麦滴滴司机,76,恶魔猎手,血精灵,Female,7,,,,,,,崇拜,,,,0,Horde
一只敏锐贼,安德麦滴滴司机,70,潜行者,血精灵,Female,348,,,,,,,中立,,,,0,Horde
一寸不烂舌,安德麦滴滴司机,80,死亡骑士,狐人,Male,47,,,,,,,尊敬,,,,0,Horde
一把锈铁,安德麦滴滴司机,70,战士,兽人,Male,250,,,,,,,中立,,,,0,Horde
一抹浅笑丶,安德麦滴滴司机,60,战士,牛头人,Male,342,,,,,,,崇拜,,,,0,Horde
一指定江山,安德麦滴滴司机,80,圣骑士,血精灵,Male,1,,,,,,,崇拜,,,,0,Horde
一智,安德麦滴滴司机,70,战士,牛头人,Male,275,,,,,,,崇敬,,,,0,Horde
一朵小花,安德麦滴滴司机,70,武僧,熊猫人,Female,97,,,,,,,崇敬,,,,0,Horde
一枪八百里,锈水财阀合同工,80,猎人,幻容,Female,0.67,,,,,,,崇拜,,,,3065,Horde
一生要强的人,安德麦滴滴司机,80,战士,玛格汉兽人,Male,173,,,,,,,崇敬,,,,1134,Horde
一箭毙命,热砂炼金实习生,80,猎人,血精灵,Female,36,,,,,,,崇拜,冷月,,,2714,Horde
一线生机,风险投资公司业务员,80,武僧,熊猫人,Male,139,,,,,,,崇拜,,,,0,Horde
一躁动一,黑水海盗外包岗,59,死亡骑士,血精灵,Female,986,,,,,,,崇拜,组组dk,,,0,Horde
七七八十一,安德麦滴滴司机,70,德鲁伊,至高岭牛头人,Male,5,,,,,,,崇敬,,,,0,Horde
七个小萨满,安德麦滴滴司机,75,萨满祭司,巨魔,Male,155,,,,,,,中立,,,,0,Horde
三千繁梦,风险投资公司业务员,80,德鲁伊,巨魔,Female,1,,,,,,,崇拜,狄诶曲的小德,,,0,Horde
三千莲心火,风险投资公司业务员,60,法师,亡灵,Male,1346,,,,,,,崇拜,风骚系列,,,2011,Horde
三鹿,安德麦滴滴司机,54,牧师,血精灵,Female,348,,,,,,,崇敬,,,,0,Horde
不会防战啊,安德麦滴滴司机,80,战士,地精,Male,155,,,,,,,中立,,,,0,Horde
不再猎手,风险投资公司业务员,80,恶魔猎手,血精灵,Male,207,,,,,,,崇拜,,,,0,Horde
不想上班,安德麦滴滴司机,80,死亡骑士,亡灵,Male,2,,,,,,,中立,,,,0,Horde
丑奴儿日破天,安德麦滴滴司机,60,法师,血精灵,Male,1511,,,,,,,崇敬,,,,0,Horde
丑奴儿点绛唇,安德麦滴滴司机,60,战士,巨魔,Male,1500,,,,,,,崇拜,,,,0,Horde
专属灬卡卡,热砂炼金实习生,80,圣骑士,血精灵,Male,147,,,,,,,崇拜,,,,2510,Horde
专属灬天天,安德麦滴滴司机,80,猎人,熊猫人,Female,205,,,,,,,崇敬,,,,1478,Horde
专属灬封叶,黑水海盗外包岗,80,德鲁伊,牛头人,Female,205,,,,,,,崇拜,,,,2404,Horde
专属灬峰叶,安德麦滴滴司机,80,恶魔猎手,血精灵,Male,242,,,,,,,崇敬,,,,0,Horde
专属灬捅捅,安德麦滴滴司机,80,潜行者,兽人,Female,205,,,,,,,崇敬,,,,1076,Horde
专属灬穆穆,安德麦滴滴司机,80,牧师,血精灵,Male,234,,,,,,,友善,,,,1753,Horde
专属灬锋叶,安德麦滴滴司机,80,萨满祭司,巨魔,Female,234,,,,,,,崇敬,,,,889,Horde
两只小蜜蜂,安德麦滴滴司机,80,法师,血精灵,Male,242,,,,,,,崇敬,,,,0,Horde
两颗门牙,安德麦滴滴司机,80,法师,熊猫人,Male,0.02,,,,,,,崇拜,,,,160,Horde
丧彪小公举,黑水海盗外包岗,80,圣骑士,血精灵,Female,3,,,,,,,崇拜,,,,0,Horde
丨彐丨丩,安德麦滴滴司机,70,战士,牛头人,Female,2,,,,,,,尊敬,,,,0,Horde
丨心想事成丨,安德麦滴滴司机,60,德鲁伊,至高岭牛头人,Male,342,,,,,,,友善,,,,0,Horde
丨抬手就毛丨,安德麦滴滴司机,80,圣骑士,土灵,Male,2,,,,,,,尊敬,,,,2186,Horde
丨曰了就跑丨,安德麦滴滴司机,80,法师,夜之子,Male,64,,,,,,,崇拜,,,,0,Horde
丨猫掌柜丨,安德麦滴滴司机,60,术士,血精灵,Female,920,,,,,,,崇拜,,,,0,Horde
丫克西,安德麦滴滴司机,80,猎人,巨魔,Female,164,,,,,,,崇拜,,,,0,Horde
丶久世,安德麦滴滴司机,80,猎人,玛格汉兽人,Male,15,,,,,,,友善,,,,2598,Horde
丶久歌,安德麦滴滴司机,80,圣骑士,血精灵,Female,10,,,,,,,友善,,,,3008,Horde
丶伯牙绝弦,安德麦滴滴司机,80,圣骑士,牛头人,Female,308,,,,,,,友善,,,,0,Horde
丶周黑鸭丶,风险投资公司业务员,80,猎人,血精灵,Female,150,,,,,,,尊敬,,,,2913,Horde
丶夏洛,安德麦滴滴司机,80,死亡骑士,玛格汉兽人,Male,80,,,,,,,友善,,,,940,Horde
丶念无,加乐宫白金会员,80,圣骑士,牛头人,Male,110,,,,,,,崇拜,,,,0,Horde
丶普崔塞德,安德麦滴滴司机,80,死亡骑士,地精,Male,218,,,,,,,尊敬,,,,326,Horde
丶晴天啊,安德麦滴滴司机,80,德鲁伊,牛头人,Male,59,,,,,,,尊敬,,,,0,Horde
丶李一桐,安德麦滴滴司机,80,牧师,虚空精灵,Female,45,,,,,,,友善,,,,2548,Alliance
丶松鹤楼丶,安德麦滴滴司机,80,圣骑士,血精灵,Female,231,,,,,,,中立,,,,2102,Horde
丶水墨丹靑,安德麦滴滴司机,70,潜行者,牛头人,Male,325,,,,,,,崇拜,,,,406,Horde
丶牧野,安德麦滴滴司机,80,德鲁伊,牛头人,Male,218,,,,,,,崇拜,,,,2465,Horde
丶王祖蓝,安德麦滴滴司机,80,圣骑士,黑铁矮人,Male,49,,,,,,,中立,,,,302,Alliance
丶王祖贤,加乐宫白金会员,80,潜行者,暗夜精灵,Female,37,,,,,,,崇拜,断层王,,,3305,Alliance
丶破晓光明,安德麦滴滴司机,70,圣骑士,牛头人,Male,250,,,,,,,中立,,,,0,Horde
丶西玦,安德麦滴滴司机,80,战士,土灵,Male,208,,,,,,,崇敬,,,,2740,Horde
丶邱淑贞,安德麦滴滴司机,80,德鲁伊,暗夜精灵,Female,57,,,,,,,中立,,,,296,Alliance
丶霆霓,安德麦滴滴司机,80,萨满祭司,巨魔,Female,216,,,,,,,崇拜,,,,2491,Horde
丶顶级理解,安德麦滴滴司机,80,潜行者,矮人,Male,242,,,,,,,崇拜,没时间解释了快上车！,,,1624,Alliance
丶马保囯,风险投资公司业务员,80,萨满祭司,熊猫人,Male,45,,,,,,,尊敬,以雷霆，击碎黑暗,,,2066,Alliance
丷追杀丘比特,黑水海盗外包岗,60,德鲁伊,牛头人,Male,960,,,,,,,崇拜,,,,0,Horde
丸之内躁动狂,黑水海盗外包岗,60,恶魔猎手,血精灵,Female,1127,,,,,,,崇拜,躁动,,,0,Horde
为了惩戒骑,热砂炼金实习生,72,萨满祭司,兽人,Male,327,,,,,,,崇敬,,,,444,Horde
乄青玉乄,安德麦滴滴司机,80,武僧,熊猫人,Female,186,,,,,,,尊敬,,,,301,Horde
久世,加乐宫白金会员,80,法师,玛格汉兽人,Male,10,,,,,,,友善,消费的问题可以问我,,,3552,Horde
久世丶,锈水财阀合同工,80,术士,兽人,Male,17,,,,,,,崇敬,,,,0,Horde
久世丶,安德麦滴滴司机,80,德鲁伊,赞达拉巨魔,Female,15,,,,,,,中立,,,,302,Horde
久歌,黑水海盗外包岗,80,战士,血精灵,Female,10,,,,,,,崇拜,赌神 ，不解释,赌神，还是不解释,,2969,Horde
久歌丶,锈水财阀合同工,60,潜行者,血精灵,Female,17,,,,,,,崇拜,,,,0,Horde
乌尔苏拉星系,黑水海盗外包岗,80,法师,亡灵,Male,272,,,,,,,崇拜,牧光,,,0,Horde
乌江之吻,安德麦滴滴司机,80,萨满祭司,牛头人,Male,199,,,,,,,友善,,,,3011,Horde
九十一,安德麦滴滴司机,80,法师,血精灵,Female,200,,,,,,,尊敬,,,,1847,Horde
九羅密羙星,安德麦滴滴司机,80,恶魔猎手,血精灵,Female,0.79,,,,,,,崇拜,,,,2614,Horde
九羅密羙雲,安德麦滴滴司机,71,牧师,夜之子,Female,8,,,,,,,尊敬,,,,0,Horde
也不是難罠,安德麦滴滴司机,80,萨满祭司,矮人,Male,108,,,,,,,中立,BB,,,0,Alliance
乱世佳猎,黑水海盗外包岗,80,猎人,血精灵,Female,4,,,,,,,崇拜,呆,,,3016,Horde
二月山水贵,安德麦滴滴司机,80,圣骑士,血精灵,Female,0.25,,,,,,,崇拜,,,,0,Horde
云想衣花想容,安德麦滴滴司机,70,法师,巨魔,Female,263,,,,,,,崇敬,,,,0,Horde
五个红大汉,安德麦滴滴司机,80,猎人,幻容,Female,120,,,,,,,崇拜,苟利国家生死以,岂因祸福避趋之,,0,Horde
五个黑大妹,黑水海盗外包岗,50,圣骑士,血精灵,Female,2027,,,,,,,崇拜,,,,0,Horde
五个黑大姑,黑水海盗外包岗,45,死亡骑士,亡灵,Male,2479,,,,,,,崇拜,,,,0,Horde
五个黑大汉,安德麦滴滴司机,80,唤魔师,幻容,Female,174,,,,,,,中立,,,,0,Alliance
五四,暗索高级特工,70,萨满祭司,狐人,Female,4,,,,,,,崇拜,不能再打本了才怪,,,0,Horde
五百块分两下,安德麦滴滴司机,80,猎人,牛头人,Male,7,,,,,,,崇拜,,,,0,Horde
亚奇洛贝,安德麦滴滴司机,80,战士,狐人,Male,239,,,,,,,崇敬,,,,0,Horde
亡魂丶雪,黑水海盗外包岗,70,恶魔猎手,血精灵,Female,359,,,,,,,崇拜,寒风,,,0,Horde
以桃,安德麦滴滴司机,80,法师,巨魔,Female,3,,,,,,,崇拜,,,,0,Horde
任清寒,安德麦滴滴司机,80,恶魔猎手,血精灵,Male,310,,,,,,,崇拜,,,,0,Horde
伊利妲蕾,黑水海盗外包岗,80,恶魔猎手,血精灵,Female,16,,,,,,,崇拜,,,,0,Horde
伊罗缇的男宠,加乐宫白金会员,80,德鲁伊,赞达拉巨魔,Female,200,,,,,,,崇拜,,,,2600,Horde
伍更琉璃,安德麦滴滴司机,80,猎人,狼人,Female,19,,,,,,,友善,,,,0,Alliance
会发光的喵,安德麦滴滴司机,80,圣骑士,赞达拉巨魔,Female,180,,,,,,,崇拜,,,,0,Horde
伯伯牙,风险投资公司业务员,80,恶魔猎手,血精灵,Female,2,,,,,,,崇拜,,,,0,Horde
估计额,安德麦滴滴司机,80,术士,兽人,Male,257,,,,,,,崇拜,,,,173,Horde
伱玛嗨,安德麦滴滴司机,80,恶魔猎手,血精灵,Male,3,,,,,,,崇拜,,,,0,Horde
伸伸手,安德麦滴滴司机,80,圣骑士,血精灵,Female,25,,,,,,,崇拜,,,,345,Horde
低调再现,安德麦滴滴司机,80,圣骑士,血精灵,Male,27,,,,,,,崇拜,,,,0,Horde
低调劣人,安德麦滴滴司机,80,猎人,赞达拉巨魔,Male,7,,,,,,,崇敬,,,,0,Horde
低调牛柳,安德麦滴滴司机,80,战士,至高岭牛头人,Male,0.38,,,,,,,崇拜,,,,0,Horde
佑汐,安德麦滴滴司机,80,法师,人类,Female,3,,,,,,,崇拜,,,,0,Alliance
佑汐,安德麦滴滴司机,80,武僧,虚空精灵,Female,3,,,,,,,中立,,,,0,Alliance
佑汐,锈水财阀合同工,80,术士,血精灵,Female,4,,,,,,,崇拜,,,,2825,Horde
余生不可辜负,安德麦滴滴司机,70,法师,血精灵,Female,194,,,,,,,崇拜,,,,0,Horde
佛罗伦萨,黑水海盗外包岗,80,猎人,夜之子,Female,0.13,,,,,,,崇敬,,,,0,Horde
你也曾心动吧,锈水财阀合同工,80,圣骑士,牛头人,Male,0.08,,,,,,,崇拜,,,,3544,Horde
你别逗我笑了,安德麦滴滴司机,80,德鲁伊,暗夜精灵,Female,0.46,,,,,,,友善,,,,643,Alliance
你本来就很污,黑水海盗外包岗,62,圣骑士,血精灵,Male,31,,,,,,,崇拜,,,,0,Horde
你本来就很美,热砂炼金实习生,71,战士,熊猫人,Female,24,,,,,,,崇拜,,,,0,Horde
你闹啥呢铁汁,风险投资公司业务员,80,战士,兽人,Male,77,,,,,,,崇拜,,,,0,Horde
侍从来我房间,安德麦滴滴司机,70,猎人,巨魔,Male,70,,,,,,,崇敬,,,,0,Horde
侠盗猎魔,安德麦滴滴司机,80,潜行者,赞达拉巨魔,Male,226,,,,,,,崇拜,,,,0,Horde
侨妹妹,安德麦滴滴司机,80,术士,血精灵,Female,168,,,,,,,崇敬,,,,0,Horde
俊姥爷,安德麦滴滴司机,80,猎人,血精灵,Male,23,,,,,,,崇拜,,,,2395,Horde
修灬羅,安德麦滴滴司机,72,术士,亡灵,Male,256,,,,,,,尊敬,,,,0,Horde
俺寻思,安德麦滴滴司机,80,战士,兽人,Male,19,,,,,,,中立,,,,2185,Horde
倩儿,安德麦滴滴司机,80,圣骑士,血精灵,Female,18,,,,,,,崇拜,,,,0,Horde
倾城依梦,安德麦滴滴司机,80,圣骑士,血精灵,Female,43,,,,,,,崇拜,,,,3117,Horde
停止,安德麦滴滴司机,71,恶魔猎手,血精灵,Female,251,,,,,,,崇拜,,,,0,Horde
傲慢,锈水财阀合同工,70,潜行者,熊猫人,Female,951,,,,,,,崇拜,躁动,,,828,Horde
元素圣灵,安德麦滴滴司机,80,法师,血精灵,Female,199,,,,,,,友善,,,,0,Horde
兄弟捡肥皂否,安德麦滴滴司机,74,法师,血精灵,Female,310,,,,,,,尊敬,,,,0,Horde
充钱,锈水财阀合同工,60,战士,兽人,Male,923,,,,,,,崇拜,奥利给的问题可以问%^&*!@,,,0,Horde
光明游侠,安德麦滴滴司机,80,猎人,血精灵,Female,0.13,,,,,,,尊敬,,,,0,Horde
公牛也喂奶,安德麦滴滴司机,80,圣骑士,牛头人,Male,0.79,,,,,,,崇拜,,,,3012,Horde
公羽正阳,安德麦滴滴司机,80,术士,兽人,Male,144,,,,,,,崇敬,,,,0,Horde
六个白富美,安德麦滴滴司机,80,武僧,熊猫人,Female,169,,,,,,,崇敬,,,,2797,Horde
关你西红柿,安德麦滴滴司机,80,圣骑士,牛头人,Male,91,,,,,,,崇敬,,,,0,Horde
兽逊风骚,安德麦滴滴司机,80,战士,玛格汉兽人,Male,2,,,,,,,崇拜,,,,0,Horde
内个法爷,安德麦滴滴司机,80,法师,夜之子,Female,221,,,,,,,崇拜,,,,0,Horde
内酷外穿,安德麦滴滴司机,80,圣骑士,血精灵,Male,257,,,,,,,崇拜,,,,0,Horde
冬凛,安德麦滴滴司机,80,圣骑士,血精灵,Female,267,,,,,,,崇敬,,,,0,Horde
冰糖甲鱼,安德麦滴滴司机,11,武僧,狐人,Male,48,,,,,,,中立,,,,0,Horde
冰糖辣条,安德麦滴滴司机,11,武僧,机械侏儒,Female,14,,,,,,,中立,,,,0,Alliance
冷月譕殇,暗索高级特工,80,潜行者,亡灵,Female,81,,,,,,,崇拜,,,,160,Horde
凍結的黎明,黑水海盗外包岗,70,恶魔猎手,血精灵,Male,129,,,,,,,崇拜,老年人,,,0,Horde
几个壮汉突然,风险投资公司业务员,60,潜行者,兽人,Male,1197,,,,,,,崇拜,小红手,,,337,Horde
刀剑穿梭急,安德麦滴滴司机,60,法师,血精灵,Male,168,,,,,,,中立,,,,0,Horde
刃舞黄昏,安德麦滴滴司机,80,恶魔猎手,血精灵,Female,150,,,,,,,中立,,,,366,Horde
别催我在读条,安德麦滴滴司机,53,德鲁伊,至高岭牛头人,Male,361,,,,,,,崇拜,,,,0,Horde
剑出,安德麦滴滴司机,80,战士,狐人,Male,47,,,,,,,崇拜,,,,0,Horde
加尔撸串,黑水海盗外包岗,70,战士,兽人,Male,304,,,,,,,崇拜,树下,,,0,Horde
勇者宋德欢,安德麦滴滴司机,70,潜行者,兽人,Male,924,,,,,,,崇敬,,,,571,Horde
包包治百病,黑水海盗外包岗,80,德鲁伊,赞达拉巨魔,Female,6,,,,,,,崇拜,,,,1031,Horde
匕影凝光,热砂炼金实习生,60,潜行者,亡灵,Female,1293,,,,,,,崇拜,村野里美,,,2173,Horde
化合物,安德麦滴滴司机,80,猎人,巨魔,Male,29,,,,,,,崇拜,,,,0,Horde
千山万水,安德麦滴滴司机,80,死亡骑士,兽人,Male,1,,,,,,,崇拜,,,,1586,Horde
华师傅,加乐宫白金会员,80,死亡骑士,血精灵,Female,0.71,,,,,,,崇拜,女主播的问题可以问我,,,3577,Horde
卟霸,安德麦滴滴司机,60,猎人,地精,Male,364,,,,,,,崇拜,,,,0,Horde
卡乐比,黑水海盗外包岗,80,恶魔猎手,血精灵,Female,2,,,,,,,崇拜,,,,157,Horde
卡布琪諾,黑水海盗外包岗,70,圣骑士,血精灵,Female,14,,,,,,,崇拜,咖啡不能喝,,,0,Horde
反帝,安德麦滴滴司机,80,战士,玛格汉兽人,Male,3,,,,,,,崇拜,,,,0,Horde
变身吓死你,黑水海盗外包岗,70,恶魔猎手,血精灵,Female,164,,,,,,,崇敬,,,,0,Horde
古一师太,安德麦滴滴司机,70,法师,血精灵,Female,252,,,,,,,中立,,,,0,Horde
古饵丹,安德麦滴滴司机,80,术士,兽人,Male,2,,,,,,,中立,,,,0,Horde
只是渣女而已,安德麦滴滴司机,57,猎人,狐人,Female,88,,,,,,,崇敬,,,,0,Horde
叫我阿祖就好,安德麦滴滴司机,80,德鲁伊,至高岭牛头人,Male,229,,,,,,,崇拜,,,,659,Horde
可乐丶炸鸡排,黑水海盗外包岗,80,牧师,狐人,Female,13,,,,,,,崇拜,佑汐,,,0,Horde
叶问,安德麦滴滴司机,70,武僧,血精灵,Female,267,,,,,,,尊敬,,,,0,Horde
吃不死的胖子,安德麦滴滴司机,70,武僧,熊猫人,Male,326,,,,,,,崇敬,,,,0,Horde
吃吃嫩豆腐丶,安德麦滴滴司机,80,法师,幻容,Female,123,,,,,,,崇敬,,,,137,Horde
吃我灭战啦,热砂炼金实习生,60,战士,牛头人,Male,996,,,,,,,崇拜,躁动,,,382,Horde
吃柠檬的月影,安德麦滴滴司机,80,术士,狐人,Male,0.13,,,,,,,尊敬,,,,0,Horde
吊哄哄,风险投资公司业务员,80,德鲁伊,牛头人,Male,0.29,,,,,,,崇拜,,,,0,Horde
含香变蝴蝶啦,安德麦滴滴司机,80,萨满祭司,狐人,Female,2,,,,,,,崇敬,,,,0,Horde
听风吹雪糕,安德麦滴滴司机,80,法师,虚空精灵,Female,10,,,,,,,友善,,,,933,Alliance
吾道即天命,安德麦滴滴司机,80,恶魔猎手,血精灵,Male,47,,,,,,,崇拜,,,,0,Horde
呆呆丶賊,风险投资公司业务员,80,潜行者,亡灵,Male,3,,,,,,,崇敬,,,,0,Horde
呆德一批,热砂炼金实习生,80,德鲁伊,至高岭牛头人,Male,39,,,,,,,崇拜,,,,0,Horde
咒歌丿,黑水海盗外包岗,50,死亡骑士,亡灵,Female,261,,,,,,,崇敬,,,,0,Horde
咔哇咿小光头,安德麦滴滴司机,80,战士,兽人,Male,3,,,,,,,尊敬,,,,2024,Horde
咚哩咯咚,安德麦滴滴司机,80,德鲁伊,牛头人,Male,6,,,,,,,崇拜,,,,0,Horde
咴太狼,黑水海盗外包岗,80,法师,亡灵,Male,101,,,,,,,崇拜,,,,0,Horde
哀伤丶淡忘,黑水海盗外包岗,50,术士,血精灵,Female,1699,,,,,,,崇拜,水奶,,,0,Horde
哇啦啦哇,风险投资公司业务员,80,德鲁伊,至高岭牛头人,Female,291,,,,,,,崇拜,弯弯,,,0,Horde
哪吒三太子,安德麦滴滴司机,80,武僧,侏儒,Female,143,,,,,,,中立,,,,0,Alliance
哪吒不闹海,安德麦滴滴司机,80,潜行者,暗夜精灵,Female,38,,,,,,,尊敬,,,,2857,Alliance
啊毛,风险投资公司业务员,60,术士,兽人,Female,1138,,,,,,,崇敬,躁动,,,2933,Horde
喔在这停顿,黑水海盗外包岗,70,潜行者,亡灵,Male,308,,,,,,,崇拜,牧光,,,0,Horde
喵喵侠,安德麦滴滴司机,80,恶魔猎手,血精灵,Female,257,,,,,,,中立,,,,0,Horde
嘉然,安德麦滴滴司机,60,圣骑士,牛头人,Male,59,,,,,,,尊敬,,,,0,Horde
噗噗,安德麦滴滴司机,80,法师,血精灵,Female,1,,,,,,,崇拜,,,,3098,Horde
噬光,安德麦滴滴司机,60,潜行者,血精灵,Female,192,,,,,,,崇拜,,,,0,Horde
噬心,安德麦滴滴司机,80,法师,夜之子,Female,167,,,,,,,崇拜,,,,0,Horde
四顾剑,安德麦滴滴司机,80,战士,牛头人,Male,163,,,,,,,尊敬,,,,0,Horde
圆溜溜儿丶,风险投资公司业务员,80,萨满祭司,熊猫人,Male,3,,,,,,,友善,,,,260,Alliance
圓極,安德麦滴滴司机,80,法师,血精灵,Female,253,,,,,,,崇敬,,,,0,Horde
土伦土,安德麦滴滴司机,80,战士,土灵,Male,3,,,,,,,中立,,,,0,Horde
圣光守护者,安德麦滴滴司机,80,圣骑士,牛头人,Male,51,,,,,,,崇拜,,,,0,Horde
圣光拯救,加乐宫白金会员,80,圣骑士,血精灵,Female,3,,,,,,,崇拜,冷月,,,3088,Horde
圣光糕达,安德麦滴滴司机,80,圣骑士,血精灵,Female,24,,,,,,,崇敬,,,,0,Horde
圣尼耶,安德麦滴滴司机,80,圣骑士,光铸德莱尼,Male,3,,,,,,,中立,,,,0,Alliance
在融化中,安德麦滴滴司机,80,恶魔猎手,暗夜精灵,Female,2,,,,,,,中立,,,,0,Alliance
地尅,安德麦滴滴司机,80,圣骑士,血精灵,Female,3,,,,,,,崇拜,,,,0,Horde
地狱熔炉之拳,安德麦滴滴司机,80,萨满祭司,兽人,Male,52,,,,,,,崇拜,,,,2522,Horde
坏人羽翼,黑水海盗外包岗,60,牧师,血精灵,Female,1663,,,,,,,崇敬,,,,0,Horde
垚焱淼森鑫,安德麦滴滴司机,80,德鲁伊,牛头人,Male,5,,,,,,,崇敬,,,,0,Horde
塔塔皮卡丘,加乐宫白金会员,80,萨满祭司,狐人,Female,38,,,,,,,崇拜,塔格利安,,,3200,Horde
塔格利安,暗索高级特工,75,圣骑士,血精灵,Female,49,,,,,,,崇拜,女装大佬,暴力男,,0,Horde
塔格莉安,贸易亲王,80,恶魔猎手,血精灵,Female,13,,,,,,,崇拜,,,,0,Horde
塔穆血蹄,安德麦滴滴司机,70,死亡骑士,牛头人,Male,339,,,,,,,崇敬,树下,,,0,Horde
塞巴斯蒂安,安德麦滴滴司机,60,猎人,兽人,Male,363,,,,,,,崇拜,,,,0,Horde
夏蜜柑,安德麦滴滴司机,73,恶魔猎手,血精灵,Female,259,,,,,,,尊敬,,,,0,Horde
夜雪惊楼,黑水海盗外包岗,50,德鲁伊,牛头人,Female,1200,,,,,,,崇拜,,,,0,Horde
夢嫣,安德麦滴滴司机,61,牧师,血精灵,Female,174,,,,,,,崇拜,,,,0,Horde
夢隊長,加乐宫白金会员,80,恶魔猎手,血精灵,Female,0.02,,,,,,,崇拜,我有阿曼苏尔的预见,然而并没有什么卵用！,,3108,Horde
夢魇,安德麦滴滴司机,70,唤魔师,幻容,Female,174,,,,,,,中立,,,,0,Horde
大串,安德麦滴滴司机,60,猎人,巨魔,Male,1560,,,,,,,崇敬,,,,0,Horde
大串小串,热砂炼金实习生,60,萨满祭司,牛头人,Male,1409,,,,,,,崇拜,菜,,,0,Horde
大前天,风险投资公司业务员,80,德鲁伊,牛头人,Male,18,,,,,,,崇拜,,,,2643,Horde
大力牛哥,安德麦滴滴司机,70,武僧,牛头人,Male,333,,,,,,,崇敬,树下,,,0,Horde
大地守护者,安德麦滴滴司机,80,萨满祭司,玛格汉兽人,Male,0.79,,,,,,,崇拜,,,,0,Horde
大坏鸟,安德麦滴滴司机,80,德鲁伊,牛头人,Male,8,,,,,,,崇拜,,,,0,Horde
大奇葩,安德麦滴滴司机,80,圣骑士,血精灵,Female,63,,,,,,,友善,,,,0,Horde
大小牛牛,安德麦滴滴司机,80,德鲁伊,牛头人,Male,53,,,,,,,友善,,,,0,Horde
大桥局笑白板,安德麦滴滴司机,80,圣骑士,黑铁矮人,Female,243,,,,,,,友善,,,,2565,Alliance
大海的女婿,安德麦滴滴司机,80,法师,血精灵,Female,140,,,,,,,崇拜,,,,0,Horde
大漂丶亮,安德麦滴滴司机,76,恶魔猎手,血精灵,Female,323,,,,,,,崇敬,,,,0,Horde
大猩猩詹姆斯,安德麦滴滴司机,50,潜行者,狐人,Female,343,,,,,,,崇拜,,,,0,Horde
大番茄,安德麦滴滴司机,56,死亡骑士,牛头人,Male,344,,,,,,,崇拜,,,,0,Horde
大禹不治水,安德麦滴滴司机,80,战士,牛头人,Male,14,,,,,,,崇敬,,,,2982,Horde
大耳总明,安德麦滴滴司机,80,武僧,至高岭牛头人,Male,63,,,,,,,友善,,,,0,Horde
大領主,安德麦滴滴司机,80,圣骑士,血精灵,Female,2,,,,,,,崇拜,,,,0,Horde
天舞曜阳,安德麦滴滴司机,80,圣骑士,血精灵,Female,0.71,,,,,,,崇敬,,,,2335,Horde
太恶丶猎,安德麦滴滴司机,60,战士,牛头人,Male,346,,,,,,,崇敬,,,,0,Horde
夸父不想追日,安德麦滴滴司机,80,德鲁伊,牛头人,Male,0.75,,,,,,,尊敬,,,,3012,Horde
夸父不追日,安德麦滴滴司机,80,德鲁伊,赞达拉巨魔,Male,14,,,,,,,尊敬,,,,3068,Horde
奥菲娅,安德麦滴滴司机,80,恶魔猎手,暗夜精灵,Female,215,,,,,,,崇拜,,,,2248,Alliance
好一个奶骑,风险投资公司业务员,80,圣骑士,血精灵,Female,292,,,,,,,崇拜,,,,0,Horde
好似要落雨,安德麦滴滴司机,80,法师,血精灵,Female,161,,,,,,,崇拜,,,,0,Horde
好多好多,安德麦滴滴司机,80,死亡骑士,血精灵,Female,0.67,,,,,,,尊敬,,,,0,Horde
好大一只瓜,安德麦滴滴司机,80,恶魔猎手,血精灵,Female,229,,,,,,,崇拜,,,,2692,Horde
好嫌弃你,安德麦滴滴司机,80,法师,人类,Female,44,,,,,,,尊敬,,,,0,Alliance
如烟,安德麦滴滴司机,80,圣骑士,血精灵,Female,2,,,,,,,崇敬,,,,0,Horde
妙不可言,加乐宫白金会员,80,猎人,玛格汉兽人,Male,0.58,,,,,,,崇拜,冲啊,,,3593,Horde
妙妙德,安德麦滴滴司机,80,德鲁伊,暗夜精灵,Female,16,,,,,,,崇敬,,,,3184,Alliance
妙梦,黑水海盗外包岗,80,法师,血精灵,Female,0.17,,,,,,,崇拜,,,,0,Horde
妙老板丶,安德麦滴滴司机,54,潜行者,血精灵,Female,97,,,,,,,中立,,,,0,Horde
姬博常,锈水财阀合同工,80,萨满祭司,狐人,Male,169,,,,,,,崇拜,,,,3104,Horde
威龙丶,黑水海盗外包岗,60,战士,兽人,Male,171,,,,,,,崇拜,花花的大哥,欲斩,,0,Horde
娅娅,安德麦滴滴司机,51,潜行者,血精灵,Female,172,,,,,,,尊敬,,,,0,Horde
嫂子先主动的,黑水海盗外包岗,60,猎人,兽人,Male,165,,,,,,,崇敬,,,,0,Horde
嫣嫣细雨,风险投资公司业务员,80,潜行者,亡灵,Female,215,,,,,,,崇拜,瑟拉码啊瞎娜喏睿！,,,2654,Horde
嫩魔猎手,安德麦滴滴司机,80,恶魔猎手,血精灵,Male,21,,,,,,,崇拜,,,,2805,Horde
子洋涵冰,安德麦滴滴司机,80,法师,血精灵,Female,73,,,,,,,崇拜,冷月,,,0,Horde
孜然牛肉面,安德麦滴滴司机,60,德鲁伊,赞达拉巨魔,Male,358,,,,,,,友善,,,,0,Horde
孤傲清酒,黑水海盗外包岗,45,武僧,熊猫人,Female,2565,,,,,,,崇拜,霸霸霸霸,,,0,Horde
孤傲的神,安德麦滴滴司机,47,恶魔猎手,血精灵,Female,10,,,,,,,友善,,,,0,Horde
安洁莉卡,安德麦滴滴司机,70,牧师,血精灵,Female,339,,,,,,,尊敬,树下,,,0,Horde
宋罗娜,安德麦滴滴司机,80,恶魔猎手,血精灵,Female,8,,,,,,,崇拜,,,,0,Horde
寄八只羊,安德麦滴滴司机,80,死亡骑士,玛格汉兽人,Male,2,,,,,,,崇拜,,,,2035,Horde
寒风灬夕,黑水海盗外包岗,70,牧师,血精灵,Female,359,,,,,,,崇拜,最底层牧师,,,0,Horde
寸劲拳,安德麦滴滴司机,80,武僧,至高岭牛头人,Male,151,,,,,,,崇拜,,,,0,Horde
导弹驾驶员,安德麦滴滴司机,60,死亡骑士,熊猫人,Female,173,,,,,,,崇敬,,,,0,Horde
导演,暗索高级特工,70,猎人,血精灵,Male,929,,,,,,,崇敬,,,,2055,Horde
小佐手,暗索高级特工,80,圣骑士,血精灵,Female,218,,,,,,,崇敬,,,,3216,Horde
小冬冬瓜,安德麦滴滴司机,57,死亡骑士,血精灵,Male,362,,,,,,,尊敬,,,,0,Horde
小小巨人丶,安德麦滴滴司机,70,战士,牛头人,Male,240,,,,,,,尊敬,,,,0,Horde
小抹球,安德麦滴滴司机,80,潜行者,亡灵,Female,0.79,,,,,,,崇拜,,,,0,Horde
小灰,安德麦滴滴司机,70,死亡骑士,狐人,Female,352,,,,,,,中立,,,,0,Horde
小爷不约,风险投资公司业务员,80,萨满祭司,牛头人,Male,281,,,,,,,崇拜,,,,1810,Horde
小狐狸开大车,安德麦滴滴司机,80,战士,狐人,Male,102,,,,,,,友善,,,,0,Horde
小猪世界,安德麦滴滴司机,80,圣骑士,血精灵,Female,10,,,,,,,崇敬,,,,550,Horde
小猫茉莉灬,安德麦滴滴司机,80,牧师,人类,Female,114,,,,,,,崇敬,,,,0,Alliance
小码的佑汐,安德麦滴滴司机,3,圣骑士,德莱尼,Female,33,,,,,,,中立,,,,0,Alliance
小红手一伸,风险投资公司业务员,60,恶魔猎手,血精灵,Male,1195,,,,,,,崇拜,小黑手实锤,,,1877,Horde
小荷澹澹,安德麦滴滴司机,80,牧师,血精灵,Female,18,,,,,,,尊敬,,,,3082,Horde
小蓝,风险投资公司业务员,70,法师,狐人,Male,354,,,,,,,中立,,,,0,Horde
小龙丫,安德麦滴滴司机,70,唤魔师,幻容,Female,149,,,,,,,崇拜,,,,0,Horde
尐果狐,安德麦滴滴司机,80,术士,狐人,Female,2,,,,,,,崇拜,,,,0,Horde
尘埃使者,安德麦滴滴司机,80,圣骑士,血精灵,Female,5,,,,,,,崇拜,,,,157,Horde
尼古拉斯杠杠,安德麦滴滴司机,76,恶魔猎手,血精灵,Female,259,,,,,,,尊敬,,,,0,Horde
居仔,热砂炼金实习生,80,猎人,兽人,Male,2,,,,,,,崇拜,,,,2613,Horde
山菜,加乐宫白金会员,80,圣骑士,血精灵,Female,0.42,,,,,,,崇敬,,,,3322,Horde
差乂点,安德麦滴滴司机,80,法师,血精灵,Female,0.33,,,,,,,崇拜,,,,1599,Horde
布丁不叮,安德麦滴滴司机,80,牧师,血精灵,Female,43,,,,,,,崇敬,,,,0,Horde
布温巴,安德麦滴滴司机,70,法师,巨魔,Female,321,,,,,,,崇拜,树下,,,0,Horde
布雷歌,安德麦滴滴司机,70,战士,熊猫人,Female,53,,,,,,,崇拜,,,,0,Horde
帅气溪仔,暗索高级特工,80,萨满祭司,牛头人,Male,2,,,,,,,崇拜,梦队长的萨满,,,0,Horde
希尔瓦娜燍,安德麦滴滴司机,60,猎人,血精灵,Female,253,,,,,,,中立,,,,0,Horde
年年,安德麦滴滴司机,80,潜行者,狐人,Female,328,,,,,,,崇拜,,,,561,Horde
幸运之手,安德麦滴滴司机,71,圣骑士,血精灵,Male,160,,,,,,,中立,,,,0,Horde
幻亦,安德麦滴滴司机,60,死亡骑士,亡灵,Female,352,,,,,,,崇拜,萌虾米 小号,,,0,Horde
幻夜,黑水海盗外包岗,80,潜行者,血精灵,Female,0.83,,,,,,,崇拜,,,,0,Horde
幽冥鬼王,安德麦滴滴司机,80,死亡骑士,牛头人,Male,152,,,,,,,崇拜,,,,0,Horde
库卡隆织魔者,安德麦滴滴司机,80,萨满祭司,玛格汉兽人,Male,0.83,,,,,,,崇拜,,,,0,Horde
异常疯狂,锈水财阀合同工,80,萨满祭司,牛头人,Male,0.02,,,,,,,崇拜,,,,1324,Horde
弑丫,风险投资公司业务员,80,潜行者,亡灵,Male,3,,,,,,,崇拜,居仔,,,0,Horde
弑神者之魂,安德麦滴滴司机,74,死亡骑士,血精灵,Male,325,,,,,,,尊敬,,,,0,Horde
弯弯丶弯弯,黑水海盗外包岗,71,法师,巨魔,Female,243,,,,,,,崇拜,,,,0,Horde
弯弯彡弯弯,安德麦滴滴司机,80,圣骑士,血精灵,Female,243,,,,,,,尊敬,,,,1052,Horde
弯弯灬弯弯,安德麦滴滴司机,80,恶魔猎手,血精灵,Female,238,,,,,,,崇拜,,,,0,Horde
彡修灬羅,安德麦滴滴司机,60,法师,巨魔,Female,282,,,,,,,崇敬,,,,0,Horde
彡冢灬虎,安德麦滴滴司机,80,德鲁伊,牛头人,Male,205,,,,,,,崇敬,,,,0,Horde
彡沙灬迦,安德麦滴滴司机,62,恶魔猎手,血精灵,Female,257,,,,,,,尊敬,,,,0,Horde
御前侍卫,安德麦滴滴司机,80,圣骑士,牛头人,Male,0.13,,,,,,,崇拜,,,,0,Horde
微笑刺客俊,风险投资公司业务员,80,恶魔猎手,血精灵,Female,2,,,,,,,崇拜,,,,499,Horde
德丫,安德麦滴滴司机,80,德鲁伊,至高岭牛头人,Male,3,,,,,,,崇拜,,,,0,Horde
德膏望重,安德麦滴滴司机,71,德鲁伊,巨魔,Male,280,,,,,,,崇拜,树下,,,0,Horde
心魔小巫丫丫,热砂炼金实习生,80,术士,亡灵,Female,28,,,,,,,尊敬,,,,2639,Horde
快乐肥仔水,安德麦滴滴司机,70,猎人,狐人,Male,325,,,,,,,崇敬,,,,0,Horde
快来追我丫,安德麦滴滴司机,72,战士,玛格汉兽人,Male,101,,,,,,,崇敬,,,,0,Horde
快来骑我吧,暗索高级特工,80,唤魔师,幻容,Female,0.02,,,,,,,崇拜,,,,3029,Horde
念无,安德麦滴滴司机,70,唤魔师,幻容,Female,227,,,,,,,崇拜,,,,0,Horde
念无丶,暗索高级特工,80,恶魔猎手,血精灵,Female,216,,,,,,,崇拜,,,,2369,Horde
念无空丶,安德麦滴滴司机,70,法师,虚空精灵,Female,227,,,,,,,中立,,,,0,Alliance
急奔的乌龟,安德麦滴滴司机,70,死亡骑士,血精灵,Male,310,,,,,,,崇拜,,,,0,Horde
恶魔之献祭,安德麦滴滴司机,60,恶魔猎手,血精灵,Female,20,,,,,,,崇拜,,,,0,Horde
恶魔奶嘴丶,安德麦滴滴司机,80,死亡骑士,玛格汉兽人,Male,18,,,,,,,友善,,,,2094,Horde
恶魔的囚徒,安德麦滴滴司机,80,恶魔猎手,血精灵,Female,55,,,,,,,崇拜,,,,0,Horde
悠闲的猫,安德麦滴滴司机,60,猎人,熊猫人,Male,362,,,,,,,崇拜,,,,0,Horde
您的肥皂掉了,黑水海盗外包岗,80,猎人,血精灵,Female,292,,,,,,,崇拜,,,,0,Horde
情爱里无智者,安德麦滴滴司机,80,猎人,幻容,Male,2,,,,,,,崇拜,,,,161,Horde
情让人伤神,安德麦滴滴司机,80,圣骑士,牛头人,Male,3,,,,,,,崇敬,,,,347,Horde
惊閪咩,黑水海盗外包岗,50,法师,巨魔,Female,2331,,,,,,,崇拜,曹子豪之爹,,,0,Horde
惊鸿若雪,安德麦滴滴司机,50,法师,血精灵,Female,1120,,,,,,,友善,,,,0,Horde
惠风和畅,风险投资公司业务员,70,术士,血精灵,Male,1,,,,,,,崇拜,,,,0,Horde
想不到了,热砂炼金实习生,80,萨满祭司,牛头人,Male,93,,,,,,,崇拜,锈铁,,,0,Horde
愛意随钟起,安德麦滴滴司机,80,猎人,兽人,Male,0.21,,,,,,,尊敬,,,,0,Horde
愛意隨風起,安德麦滴滴司机,80,战士,玛格汉兽人,Male,2,,,,,,,崇拜,,,,0,Horde
感觉很浪漫,风险投资公司业务员,80,死亡骑士,血精灵,Female,4,,,,,,,崇拜,,,,2694,Horde
戎傲天,安德麦滴滴司机,11,武僧,狐人,Female,9,,,,,,,尊敬,,,,0,Horde
戎卷疯,安德麦滴滴司机,71,恶魔猎手,血精灵,Male,4,,,,,,,中立,,,,0,Horde
戎卷疯,安德麦滴滴司机,71,术士,玛格汉兽人,Male,4,,,,,,,中立,,,,0,Horde
戎卷疯,安德麦滴滴司机,80,死亡骑士,血精灵,Male,4,,,,,,,中立,,,,0,Horde
戎卷疯疯,安德麦滴滴司机,72,萨满祭司,狐人,Male,4,,,,,,,中立,,,,0,Horde
戎卷风,安德麦滴滴司机,80,法师,幻容,Female,4,,,,,,,崇拜,,,,3196,Horde
戎卷风风,安德麦滴滴司机,80,猎人,血精灵,Female,4,,,,,,,尊敬,,,,0,Horde
戎帅帅,安德麦滴滴司机,80,法师,亡灵,Male,131,,,,,,,尊敬,,,,0,Horde
戎旋风,安德麦滴滴司机,73,牧师,夜之子,Female,4,,,,,,,中立,,,,0,Horde
戎旋风,安德麦滴滴司机,71,战士,牛头人,Male,4,,,,,,,中立,,,,0,Horde
戎风风,安德麦滴滴司机,80,圣骑士,血精灵,Male,4,,,,,,,中立,,,,0,Horde
戎风风,安德麦滴滴司机,80,武僧,熊猫人,Male,4,,,,,,,中立,,,,0,Horde
我不是安利,黑水海盗外包岗,50,圣骑士,血精灵,Female,1438,,,,,,,崇拜,,,,0,Horde
我不是锈铁,暗索高级特工,80,武僧,熊猫人,Female,238,,,,,,,崇拜,弯弯,,,2659,Horde
我不是難罠,安德麦滴滴司机,80,唤魔师,幻容,Female,49,,,,,,,中立,BB,,,3052,Alliance
我不爱吃大葱,安德麦滴滴司机,80,圣骑士,人类,Male,44,,,,,,,尊敬,,,,0,Alliance
我不爱吃榴莲,安德麦滴滴司机,80,法师,侏儒,Male,116,,,,,,,崇敬,,,,0,Alliance
我不爱吃韭菜,安德麦滴滴司机,80,武僧,虚空精灵,Female,44,,,,,,,友善,,,,0,Alliance
我不爱吃鲱鱼,安德麦滴滴司机,80,猎人,矮人,Male,43,,,,,,,崇拜,,,,0,Alliance
我丑但我温柔,安德麦滴滴司机,80,萨满祭司,玛格汉兽人,Female,83,,,,,,,崇敬,,,,0,Horde
我举个栗子,黑水海盗外包岗,60,圣骑士,赞达拉巨魔,Male,325,,,,,,,崇拜,,,,0,Horde
我也不是锈铁,黑水海盗外包岗,60,武僧,熊猫人,Female,1197,,,,,,,崇拜,,,,0,Horde
我也不是難罠,安德麦滴滴司机,80,恶魔猎手,暗夜精灵,Female,94,,,,,,,尊敬,BB,,,2693,Alliance
我亦飘零久远,安德麦滴滴司机,60,恶魔猎手,血精灵,Female,137,,,,,,,崇拜,,,,0,Horde
我以为要是,安德麦滴滴司机,80,术士,兽人,Female,208,,,,,,,崇拜,,,,0,Horde
我会卖萌,安德麦滴滴司机,80,德鲁伊,牛头人,Male,155,,,,,,,崇拜,,,,2738,Horde
我叫丽丽呀,安德麦滴滴司机,60,武僧,熊猫人,Female,347,,,,,,,尊敬,,,,0,Horde
我的犄角呢,安德麦滴滴司机,80,唤魔师,幻容,Male,3,,,,,,,崇拜,,,,853,Horde
我知我靓仔,安德麦滴滴司机,71,战士,兽人,Male,5,,,,,,,崇拜,,,,0,Horde
我这就滚,黑水海盗外包岗,50,武僧,熊猫人,Female,1147,,,,,,,崇拜,躁动,,,0,Horde
我雕大,安德麦滴滴司机,60,猎人,赞达拉巨魔,Male,332,,,,,,,崇拜,,,,0,Horde
戒律誓言,安德麦滴滴司机,60,圣骑士,血精灵,Female,103,,,,,,,崇拜,,,,0,Horde
战复我再嗜血,安德麦滴滴司机,80,潜行者,土灵,Male,3,,,,,,,友善,,,,331,Horde
戦无不胜,安德麦滴滴司机,50,死亡骑士,牛头人,Female,919,,,,,,,崇敬,牙牙,,,0,Horde
扁肉,安德麦滴滴司机,60,战士,牛头人,Male,360,,,,,,,崇拜,,,,0,Horde
打猎去丶,安德麦滴滴司机,80,猎人,巨魔,Female,253,,,,,,,崇拜,,,,0,Horde
打铁的汉子,安德麦滴滴司机,80,战士,玛格汉兽人,Male,2,,,,,,,崇拜,,,,0,Horde
扬鞭搞起,安德麦滴滴司机,61,圣骑士,血精灵,Male,356,,,,,,,崇敬,,,,0,Horde
扶弘,安德麦滴滴司机,80,圣骑士,血精灵,Male,132,,,,,,,崇拜,第一硬汉,,,0,Horde
扶摇,黑水海盗外包岗,80,猎人,血精灵,Female,67,,,,,,,崇拜,,,,0,Horde
把酒留君听琴,安德麦滴滴司机,60,战士,至高岭牛头人,Male,342,,,,,,,崇拜,,,,0,Horde
抹茶刨冰,安德麦滴滴司机,68,战士,狐人,Female,256,,,,,,,崇敬,,,,0,Horde
抹茶奶绿,安德麦滴滴司机,80,萨满祭司,土灵,Female,222,,,,,,,中立,,,,0,Horde
拂光掠影,安德麦滴滴司机,58,牧师,血精灵,Female,128,,,,,,,崇拜,,,,0,Horde
拖拖米,安德麦滴滴司机,80,德鲁伊,巨魔,Female,2,,,,,,,中立,,,,0,Horde
拖拖米,黑水海盗外包岗,80,圣骑士,牛头人,Male,1,,,,,,,崇拜,无敌炉石鼻祖,,,3065,Horde
拖拖米米,安德麦滴滴司机,80,萨满祭司,玛格汉兽人,Male,0.13,,,,,,,崇敬,,,,273,Horde
拖米,安德麦滴滴司机,80,猎人,幻容,Female,2,,,,,,,中立,,,,0,Alliance
拖米,黑水海盗外包岗,80,武僧,熊猫人,Male,2,,,,,,,崇拜,,你也要吃一个吗,,2525,Horde
拖米米,黑水海盗外包岗,80,恶魔猎手,血精灵,Female,0.08,,,,,,,崇拜,,,,3004,Horde
拾费爆歉,安德麦滴滴司机,80,法师,血精灵,Female,2,,,,,,,崇拜,,,,0,Horde
挽歌轻唱,热砂炼金实习生,80,战士,血精灵,Female,300,,,,,,,崇敬,,,,0,Horde
掇刀转盘,黑水海盗外包岗,50,牧师,血精灵,Male,1534,,,,,,,崇拜,奶了20年,,,0,Horde
掌控未来,安德麦滴滴司机,80,圣骑士,血精灵,Male,0.21,,,,,,,崇拜,,,,0,Horde
摄政王洛瑟玛,安德麦滴滴司机,70,猎人,血精灵,Male,339,,,,,,,崇拜,树下,,,0,Horde
摩西摩西,安德麦滴滴司机,80,圣骑士,牛头人,Male,208,,,,,,,崇拜,,,,0,Horde
撒拉忧郁,安德麦滴滴司机,80,战士,亡灵,Male,248,,,,,,,崇拜,,,,0,Horde
撸欲有约,黑水海盗外包岗,71,术士,亡灵,Male,264,,,,,,,崇拜,,,,0,Horde
撸着蛋也要过,安德麦滴滴司机,80,猎人,巨魔,Male,7,,,,,,,崇拜,,,,1157,Horde
撸神,安德麦滴滴司机,80,战士,熊猫人,Male,97,,,,,,,尊敬,,,,0,Horde
救我,安德麦滴滴司机,60,战士,至高岭牛头人,Male,323,,,,,,,崇拜,,,,0,Horde
斘天乄半子,安德麦滴滴司机,80,恶魔猎手,血精灵,Male,8,,,,,,,崇拜,,,,0,Horde
斯文败类,黑水海盗外包岗,52,死亡骑士,牛头人,Male,132,,,,,,,崇拜,扶弘小号，别删。,,,0,Horde
斯普特尼克,安德麦滴滴司机,64,战士,赞达拉巨魔,Male,364,,,,,,,崇拜,,,,0,Horde
新茗陈酿,热砂炼金实习生,70,武僧,熊猫人,Female,242,,,,,,,崇拜,公会第一烹饪,可惜了,,0,Horde
旅店老板,安德麦滴滴司机,80,恶魔猎手,血精灵,Female,3,,,,,,,崇拜,,,,2295,Horde
无徨,安德麦滴滴司机,80,恶魔猎手,血精灵,Male,8,,,,,,,崇拜,,,,0,Horde
无衣,安德麦滴滴司机,60,猎人,夜之子,Female,361,,,,,,,中立,,,,0,Horde
时光旅行者,安德麦滴滴司机,80,德鲁伊,至高岭牛头人,Male,5,,,,,,,崇拜,,,,0,Horde
时尚达人,安德麦滴滴司机,80,术士,夜之子,Female,52,,,,,,,崇拜,,,,0,Horde
明月夜,黑水海盗外包岗,60,恶魔猎手,血精灵,Female,937,,,,,,,崇拜,公会第一替补,,,0,Horde
明月有鸟,黑水海盗外包岗,71,圣骑士,血精灵,Male,267,,,,,,,崇拜,,,,0,Horde
星霜丶,风险投资公司业务员,80,法师,夜之子,Female,215,,,,,,,崇拜,,,,2613,Horde
是狐狸啊,安德麦滴滴司机,60,法师,狐人,Male,348,,,,,,,崇拜,,,,0,Horde
是骑士啊,安德麦滴滴司机,80,圣骑士,血精灵,Female,129,,,,,,,崇拜,,,,0,Horde
晚安睡觉,锈水财阀合同工,80,法师,亡灵,Male,24,,,,,,,崇拜,,,,0,Horde
晨恋,安德麦滴滴司机,80,牧师,亡灵,Male,3,,,,,,,崇拜,,,,0,Horde
晴朗丶,黑水海盗外包岗,50,恶魔猎手,血精灵,Female,269,,,,,,,崇拜,大熊,,,0,Horde
暴富有钱,安德麦滴滴司机,80,法师,血精灵,Female,7,,,,,,,崇拜,,,,0,Horde
暴风眼,安德麦滴滴司机,80,恶魔猎手,血精灵,Female,223,,,,,,,崇拜,,,,0,Horde
曾小贱丶,安德麦滴滴司机,80,猎人,血精灵,Female,0.67,,,,,,,崇拜,,,,2019,Horde
曾经的风骚,安德麦滴滴司机,80,恶魔猎手,血精灵,Female,0.96,,,,,,,崇敬,,,,624,Horde
最后的阴霾丶,安德麦滴滴司机,80,术士,兽人,Male,68,,,,,,,崇拜,,,,0,Horde
月夜的荡漾,安德麦滴滴司机,60,死亡骑士,牛头人,Male,174,,,,,,,崇拜,,,,0,Horde
月夜花湘西,安德麦滴滴司机,80,恶魔猎手,血精灵,Male,1,,,,,,,崇拜,,,,0,Horde
月影之力,加乐宫白金会员,80,恶魔猎手,血精灵,Female,0.71,,,,,,,崇拜,,,,3001,Horde
月影之暗,黑水海盗外包岗,80,恶魔猎手,血精灵,Female,3,,,,,,,崇拜,佑汐,,,512,Horde
月影之柳,黑水海盗外包岗,80,潜行者,夜之子,Female,0.13,,,,,,,崇拜,,,,0,Horde
月影佑汐,加乐宫白金会员,80,德鲁伊,牛头人,Male,0.71,,,,,,,崇拜,承接各种解密坐骑的乱七八糟的东西,,,3029,Horde
月影清泉,安德麦滴滴司机,73,圣骑士,光铸德莱尼,Female,12,,,,,,,尊敬,,,,0,Alliance
月影清风,锈水财阀合同工,80,武僧,熊猫人,Female,3,,,,,,,崇拜,佑汐,,,1024,Horde
月影狂狼,安德麦滴滴司机,80,德鲁伊,狼人,Male,0.13,,,,,,,崇敬,,,,0,Alliance
月影腐竹,锈水财阀合同工,80,萨满祭司,至高岭牛头人,Male,4,,,,,,,崇拜,佑汐,,,0,Horde
月灬影,锈水财阀合同工,80,猎人,赞达拉巨魔,Male,0.17,,,,,,,崇拜,月影,工会第一猎人,,166,Horde
望春风,安德麦滴滴司机,80,萨满祭司,巨魔,Male,215,,,,,,,崇敬,,,,2645,Horde
木匕首灬,安德麦滴滴司机,80,潜行者,侏儒,Female,3,,,,,,,友善,,,,0,Alliance
木有小冰法,安德麦滴滴司机,60,法师,血精灵,Female,922,,,,,,,崇拜,,,,0,Horde
木有小吱吱,安德麦滴滴司机,60,猎人,血精灵,Female,922,,,,,,,崇拜,,,,0,Horde
木有小慕慕,安德麦滴滴司机,60,牧师,血精灵,Female,922,,,,,,,崇拜,,,,0,Horde
木有小战仕,安德麦滴滴司机,60,战士,玛格汉兽人,Male,922,,,,,,,崇拜,,,,0,Horde
木有小死骑,安德麦滴滴司机,51,死亡骑士,血精灵,Male,922,,,,,,,友善,,,,0,Horde
木木子,热砂炼金实习生,80,法师,血精灵,Female,305,,,,,,,崇敬,,,,0,Horde
木槿年,安德麦滴滴司机,80,死亡骑士,血精灵,Female,0.58,,,,,,,友善,,,,3068,Horde
木瑾年,安德麦滴滴司机,80,猎人,血精灵,Male,0.04,,,,,,,崇敬,,,,2816,Horde
木盾牌灬,安德麦滴滴司机,80,圣骑士,光铸德莱尼,Female,0.21,,,,,,,崇敬,,,,0,Alliance
术湿,安德麦滴滴司机,70,术士,亡灵,Male,351,,,,,,,崇拜,树下,,,0,Horde
术爷有唐门,黑水海盗外包岗,80,术士,夜之子,Female,172,,,,,,,崇拜,冷月,,,0,Horde
朱子秋,风险投资公司业务员,60,武僧,熊猫人,Male,347,,,,,,,崇拜,,,,0,Horde
机侏,安德麦滴滴司机,80,术士,机械侏儒,Female,6,,,,,,,友善,,,,0,Alliance
李光骑,安德麦滴滴司机,80,圣骑士,光铸德莱尼,Female,0.21,,,,,,,崇拜,,,,0,Alliance
李剑潇,安德麦滴滴司机,70,恶魔猎手,暗夜精灵,Male,354,,,,,,,尊敬,,,,294,Alliance
李猎猎,安德麦滴滴司机,80,猎人,血精灵,Female,3,,,,,,,崇拜,,,,0,Horde
村头最好的鱼,安德麦滴滴司机,70,牧师,血精灵,Female,940,,,,,,,崇拜,,,,588,Horde
村野里美,黑水海盗外包岗,60,萨满祭司,地精,Female,1351,,,,,,,崇敬,匕影,,,792,Horde
杨永信大弟子,安德麦滴滴司机,80,萨满祭司,牛头人,Male,27,,,,,,,崇拜,,,,0,Horde
杰森斯坦僧,安德麦滴滴司机,80,武僧,狐人,Male,3,,,,,,,崇拜,,,,2995,Horde
杰罗姆,安德麦滴滴司机,80,战士,赞达拉巨魔,Male,4,,,,,,,尊敬,,,,1154,Horde
枫随箭舞丶,安德麦滴滴司机,80,猎人,赞达拉巨魔,Female,35,,,,,,,崇拜,,,,0,Horde
柚子甜茶,安德麦滴滴司机,80,法师,虚空精灵,Female,0.75,,,,,,,友善,,,,2568,Alliance
柠檬泡腾片,风险投资公司业务员,80,恶魔猎手,血精灵,Female,0.67,,,,,,,崇拜,,华哥,,3312,Horde
树下孤野,风险投资公司业务员,80,猎人,巨魔,Male,280,,,,,,,崇拜,休闲的猎人,,,0,Horde
核心狂怒,风险投资公司业务员,80,战士,玛格汉兽人,Female,72,,,,,,,崇拜,我不是冷月,,,0,Horde
格拉布,安德麦滴滴司机,80,恶魔猎手,血精灵,Female,0.67,,,,,,,崇拜,,,,2707,Horde
桃子大福,安德麦滴滴司机,80,法师,血精灵,Female,4,,,,,,,中立,,,,0,Horde
桃桃冰冰,安德麦滴滴司机,80,战士,牛头人,Male,1,,,,,,,崇拜,,,,0,Horde
梦幻凋零,安德麦滴滴司机,80,术士,兽人,Male,0.96,,,,,,,崇拜,,,,0,Horde
梦队头号粉丝,黑水海盗外包岗,60,德鲁伊,巨魔,Male,918,,,,,,,崇敬,BLUEBERRY,,,0,Horde
棍子到处插,安德麦滴滴司机,80,萨满祭司,熊猫人,Male,96,,,,,,,友善,,,,0,Horde
棒锤,风险投资公司业务员,80,猎人,兽人,Male,327,,,,,,,崇拜,,,,0,Horde
楚门的青春,安德麦滴滴司机,51,死亡骑士,血精灵,Female,918,,,,,,,崇拜,喊个J8,,,0,Horde
楿悠,安德麦滴滴司机,80,战士,血精灵,Female,7,,,,,,,崇敬,,,,0,Horde
榆人,安德麦滴滴司机,80,恶魔猎手,血精灵,Male,11,,,,,,,崇敬,,,,0,Horde
槐纸素人,安德麦滴滴司机,80,猎人,血精灵,Female,249,,,,,,,崇敬,,,,0,Horde
樱十,安德麦滴滴司机,80,恶魔猎手,血精灵,Female,0.02,,,,,,,崇拜,,,,0,Horde
樱桃牛奶酱,安德麦滴滴司机,80,牧师,血精灵,Female,0.02,,,,,,,中立,,,,3492,Horde
欧耶叮叮车,安德麦滴滴司机,80,德鲁伊,暗夜精灵,Female,28,,,,,,,尊敬,,,,2892,Alliance
欧耶叮叮车,风险投资公司业务员,60,德鲁伊,至高岭牛头人,Male,59,,,,,,,崇敬,,,,0,Horde
欧阳伯伯,安德麦滴滴司机,80,圣骑士,血精灵,Female,2,,,,,,,崇拜,,,,0,Horde
正义糕达,安德麦滴滴司机,61,战士,幻容,Male,155,,,,,,,尊敬,,,,0,Horde
正经老司机,黑水海盗外包岗,60,战士,兽人,Male,278,,,,,,,崇拜,,,,0,Horde
武小松,安德麦滴滴司机,70,法师,地精,Male,32,,,,,,,尊敬,,,,0,Horde
歪睿顾得,黑水海盗外包岗,80,圣骑士,血精灵,Female,67,,,,,,,崇拜,,,,2541,Horde
死亡巫灵,安德麦滴滴司机,80,法师,亡灵,Female,21,,,,,,,崇拜,血色圣光临小号,,,0,Horde
死骑风骚,风险投资公司业务员,60,死亡骑士,兽人,Male,1218,,,,,,,崇拜,,,,0,Horde
残暴正义号,安德麦滴滴司机,80,德鲁伊,至高岭牛头人,Female,8,,,,,,,崇拜,,,,0,Horde
比比东,安德麦滴滴司机,80,法师,血精灵,Female,131,,,,,,,崇拜,,,,0,Horde
气泡哥,安德麦滴滴司机,80,萨满祭司,牛头人,Male,19,,,,,,,友善,,,,0,Horde
水爷丶拉莫斯,安德麦滴滴司机,60,死亡骑士,血精灵,Male,157,,,,,,,崇拜,,,,0,Horde
永恒之魂,安德麦滴滴司机,80,猎人,巨魔,Female,0.67,,,,,,,崇拜,血色圣光临小号,,,826,Horde
永恒守护者,安德麦滴滴司机,80,死亡骑士,亡灵,Male,7,,,,,,,崇拜,,,,0,Horde
污丫,黑水海盗外包岗,80,恶魔猎手,血精灵,Female,3,,,,,,,崇拜,居仔,,,0,Horde
沃查刀,锈水财阀合同工,60,恶魔猎手,血精灵,Female,364,,,,,,,崇拜,,,,0,Horde
沃的包贝,安德麦滴滴司机,80,死亡骑士,兽人,Male,199,,,,,,,崇拜,,,,2943,Horde
沉梦灬昂至,安德麦滴滴司机,74,恶魔猎手,血精灵,Female,18,,,,,,,中立,,,,0,Horde
沐牧,安德麦滴滴司机,80,牧师,狐人,Female,0.25,,,,,,,崇敬,,,,2689,Horde
沙丶沙漠,安德麦滴滴司机,80,恶魔猎手,血精灵,Female,3,,,,,,,中立,,,,0,Horde
沧海一声啸,锈水财阀合同工,50,战士,玛格汉兽人,Female,159,,,,,,,中立,,,,0,Horde
沧溟之影,安德麦滴滴司机,76,萨满祭司,巨魔,Male,121,,,,,,,崇拜,,,,0,Horde
油条丶豆腐脑,黑水海盗外包岗,80,战士,玛格汉兽人,Male,2,,,,,,,崇拜,,,,0,Horde
治愈之树,安德麦滴滴司机,80,德鲁伊,牛头人,Male,308,,,,,,,崇拜,,,,0,Horde
法克丫,安德麦滴滴司机,80,法师,虚空精灵,Female,3,,,,,,,友善,,,,0,Alliance
法德,安德麦滴滴司机,60,德鲁伊,巨魔,Female,77,,,,,,,中立,,,,0,Horde
法神精灵,安德麦滴滴司机,60,法师,血精灵,Female,977,,,,,,,崇拜,,,,0,Horde
法老王,安德麦滴滴司机,80,牧师,夜之子,Male,1,,,,,,,崇敬,,,,0,Horde
泡面大王,安德麦滴滴司机,80,猎人,血精灵,Female,2,,,,,,,崇拜,,,,0,Horde
波波冲前阵,安德麦滴滴司机,80,战士,夜之子,Male,4,,,,,,,崇拜,,,,2363,Horde
洋洋妹,安德麦滴滴司机,80,恶魔猎手,血精灵,Female,132,,,,,,,崇拜,,,,0,Horde
洛丹伦步兵,风险投资公司业务员,80,战士,幻容,Female,78,,,,,,,崇拜,步兵,,,0,Alliance
洛丹伦法王,安德麦滴滴司机,80,法师,血精灵,Female,0.67,,,,,,,崇敬,,,,0,Horde
洛丹伦的挽歌,安德麦滴滴司机,80,圣骑士,人类,Female,49,,,,,,,崇敬,,,,0,Alliance
洛丹米尔之力,安德麦滴滴司机,80,圣骑士,牛头人,Male,81,,,,,,,崇拜,,,,157,Horde
洛克塔丶杰克,安德麦滴滴司机,80,战士,玛格汉兽人,Male,221,,,,,,,崇拜,,,,0,Horde
洛洛丶喵,黑水海盗外包岗,65,猎人,地精,Female,103,,,,,,,崇敬,,,,0,Horde
流产的猪,安德麦滴滴司机,60,术士,亡灵,Male,1129,,,,,,,崇拜,PVP评级拉我,,,0,Horde
流泪猫猫头,风险投资公司业务员,70,潜行者,熊猫人,Female,296,,,,,,,崇拜,,,,0,Horde
浅殇,安德麦滴滴司机,70,猎人,兽人,Male,241,,,,,,,崇拜,,,,0,Horde
浪漫心事,安德麦滴滴司机,80,萨满祭司,矮人,Male,217,,,,,,,中立,,,,2103,Alliance
海草大王,安德麦滴滴司机,80,唤魔师,幻容,Male,2,,,,,,,尊敬,,,,0,Horde
深不可测,安德麦滴滴司机,80,圣骑士,血精灵,Female,2,,,,,,,尊敬,,,,0,Horde
深红灬羽落,黑水海盗外包岗,70,战士,血精灵,Male,261,,,,,,,崇拜,,,,0,Horde
深红灬魔焱,黑水海盗外包岗,50,恶魔猎手,血精灵,Male,1048,,,,,,,崇拜,,,,0,Horde
清醒的梦魇,安德麦滴滴司机,80,术士,亡灵,Male,0.58,,,,,,,崇拜,,,,0,Horde
温暖如夏,安德麦滴滴司机,70,法师,血精灵,Female,340,,,,,,,崇敬,,,,0,Horde
源美衣奈,安德麦滴滴司机,70,恶魔猎手,血精灵,Female,306,,,,,,,崇拜,树下,,,0,Horde
滚动云龙,安德麦滴滴司机,60,牧师,血精灵,Female,337,,,,,,,崇拜,,,,0,Horde
澜越,安德麦滴滴司机,80,死亡骑士,血精灵,Male,0.75,,,,,,,崇拜,,,,0,Horde
火焰弹,安德麦滴滴司机,80,法师,暗夜精灵,Female,2,,,,,,,友善,,,,3151,Alliance
灬安妮灬,安德麦滴滴司机,80,潜行者,血精灵,Female,20,,,,,,,崇拜,,,,0,Horde
灬泠鸢,安德麦滴滴司机,80,猎人,血精灵,Female,35,,,,,,,崇拜,,,,0,Horde
灬派蒙,安德麦滴滴司机,80,法师,血精灵,Female,58,,,,,,,友善,,,,0,Horde
灬猎神,安德麦滴滴司机,72,猎人,兽人,Female,172,,,,,,,崇拜,,,,0,Horde
灬珑灬,安德麦滴滴司机,60,武僧,熊猫人,Male,260,,,,,,,友善,,,,0,Horde
灬穆灬,安德麦滴滴司机,60,牧师,血精灵,Female,257,,,,,,,友善,,,,0,Horde
灬麟灬,安德麦滴滴司机,61,潜行者,亡灵,Male,251,,,,,,,尊敬,,,,0,Horde
灰不钙当初,安德麦滴滴司机,80,圣骑士,血精灵,Female,3,,,,,,,崇拜,,,,3003,Horde
灰爱涩,安德麦滴滴司机,80,猎人,亡灵,Female,0.88,,,,,,,崇敬,,,,1533,Horde
灵犀,安德麦滴滴司机,80,猎人,血精灵,Female,2,,,,,,,友善,,,,0,Horde
炒花哈,安德麦滴滴司机,70,战士,玛格汉兽人,Male,350,,,,,,,中立,,,,0,Horde
炸鸡丸子,风险投资公司业务员,80,战士,熊猫人,Female,43,,,,,,,崇拜,,,,0,Horde
烤冰溜子,安德麦滴滴司机,80,德鲁伊,库尔提拉斯人,Female,3,,,,,,,中立,,,,0,Alliance
無義極思,安德麦滴滴司机,80,死亡骑士,兽人,Male,4,,,,,,,崇拜,,,,1130,Horde
熊乙出没,安德麦滴滴司机,80,德鲁伊,至高岭牛头人,Male,171,,,,,,,崇敬,,,,353,Horde
熊猫君的逆袭,安德麦滴滴司机,80,武僧,熊猫人,Male,222,,,,,,,崇拜,,,,1722,Horde
熊猫大王,安德麦滴滴司机,80,武僧,熊猫人,Male,0.17,,,,,,,崇敬,,,,2139,Horde
熊猫猪,安德麦滴滴司机,4,牧师,熊猫人,Female,193,,,,,,,中立,,,,0,Horde
燒丫,黑水海盗外包岗,80,术士,亡灵,Female,3,,,,,,,崇拜,居仔,,,0,Horde
爱吃冰激淋,安德麦滴滴司机,80,萨满祭司,德莱尼,Female,140,,,,,,,友善,,,,0,Alliance
爱悉尼的小学,安德麦滴滴司机,80,德鲁伊,牛头人,Male,2,,,,,,,友善,,,,0,Horde
爱情二十七,安德麦滴滴司机,80,牧师,血精灵,Female,0.83,,,,,,,崇敬,,,,2850,Horde
爱我虎牙妹,加乐宫白金会员,80,德鲁伊,巨魔,Female,2,,,,,,,崇拜,大屁股熊,可T可奶可DPS,,0,Horde
爷青结,黑水海盗外包岗,60,法师,血精灵,Female,921,,,,,,,崇拜,,,,0,Horde
牛丶牙,风险投资公司业务员,70,圣骑士,血精灵,Female,292,,,,,,,崇拜,,,,0,Horde
牛人再显,安德麦滴滴司机,74,德鲁伊,牛头人,Male,200,,,,,,,崇拜,,,,0,Horde
牛仔不牛,安德麦滴滴司机,80,德鲁伊,至高岭牛头人,Male,159,,,,,,,崇敬,,,,535,Horde
牛奶巧克力棒,安德麦滴滴司机,80,潜行者,赞达拉巨魔,Female,143,,,,,,,中立,,,,0,Horde
牛犇犇,安德麦滴滴司机,70,战士,牛头人,Male,253,,,,,,,友善,,,,0,Horde
牛铁钢丶,加乐宫白金会员,80,圣骑士,血精灵,Male,18,,,,,,,崇拜,,,,3348,Horde
牧丫,安德麦滴滴司机,80,牧师,夜之子,Female,6,,,,,,,友善,,,,0,Horde
牧儒,安德麦滴滴司机,80,牧师,侏儒,Female,6,,,,,,,友善,,,,0,Alliance
牧光星灵,锈水财阀合同工,80,牧师,亡灵,Female,196,,,,,,,崇拜,,,,2366,Horde
特许经营导论,安德麦滴滴司机,51,死亡骑士,地精,Male,7,,,,,,,中立,,,,0,Horde
狂舞之魂,安德麦滴滴司机,80,战士,兽人,Male,8,,,,,,,崇拜,,,,323,Horde
狂舞至死,安德麦滴滴司机,80,恶魔猎手,血精灵,Male,48,,,,,,,崇拜,,,,0,Horde
狂野奶大力,安德麦滴滴司机,80,德鲁伊,牛头人,Male,73,,,,,,,友善,,,,0,Horde
狄诶曲,风险投资公司业务员,80,恶魔猎手,血精灵,Male,1,,,,,,,崇拜,,,,0,Horde
狐人科比,黑水海盗外包岗,50,术士,狐人,Female,1254,,,,,,,中立,摸橙的小号,,,0,Horde
狐狸狸,安德麦滴滴司机,70,死亡骑士,狐人,Female,1,,,,,,,尊敬,,,,0,Horde
狗毕,安德麦滴滴司机,80,战士,血精灵,Female,170,,,,,,,崇拜,,,,180,Horde
独来独去,安德麦滴滴司机,70,猎人,玛格汉兽人,Male,254,,,,,,,崇拜,魍易小号,,,0,Horde
狮萨,加乐宫白金会员,80,死亡骑士,血精灵,Female,0.42,,,,,,,崇敬,臭fw,,,3535,Horde
狼少年,安德麦滴滴司机,71,战士,兽人,Male,333,,,,,,,崇拜,,,,0,Horde
猜猜我是谁,安德麦滴滴司机,70,唤魔师,幻容,Female,6,,,,,,,尊敬,,,,0,Horde
猥锁佬,安德麦滴滴司机,80,猎人,赞达拉巨魔,Male,65,,,,,,,崇敬,,,,0,Horde
玄灵小猎,安德麦滴滴司机,80,猎人,兽人,Female,93,,,,,,,崇敬,,,,0,Horde
玉衡,安德麦滴滴司机,80,武僧,熊猫人,Female,208,,,,,,,崇拜,,,,0,Horde
玛休丶,安德麦滴滴司机,51,战士,兽人,Male,216,,,,,,,崇拜,,,,0,Horde
玛格汉什,安德麦滴滴司机,80,战士,玛格汉兽人,Male,11,,,,,,,崇拜,,,,0,Horde
玩玻璃球,安德麦滴滴司机,80,潜行者,巨魔,Female,5,,,,,,,崇敬,,,,0,Horde
琉璃丶旧梦,锈水财阀合同工,80,牧师,血精灵,Female,113,,,,,,,崇拜,,,,0,Horde
琪淳,安德麦滴滴司机,80,圣骑士,牛头人,Male,2,,,,,,,尊敬,,,,170,Horde
瓦里德,安德麦滴滴司机,75,潜行者,玛格汉兽人,Male,227,,,,,,,中立,,,,0,Horde
甜虾丶,热砂炼金实习生,80,法师,血精灵,Female,63,,,,,,,崇拜,,,,0,Horde
生命创造者,安德麦滴滴司机,80,恶魔猎手,血精灵,Male,0.29,,,,,,,崇拜,,,,0,Horde
申屠铁德,安德麦滴滴司机,80,德鲁伊,牛头人,Male,132,,,,,,,中立,,,,0,Horde
电梯血战神,安德麦滴滴司机,80,死亡骑士,巨魔,Female,209,,,,,,,崇拜,,,,0,Horde
疯犬奥利,安德麦滴滴司机,80,死亡骑士,狼人,Male,116,,,,,,,崇敬,,,,0,Alliance
瘦巴巴老爷们,安德麦滴滴司机,80,圣骑士,牛头人,Male,0.29,,,,,,,崇拜,,,,3014,Horde
白玫瑰,黑水海盗外包岗,50,潜行者,血精灵,Female,1732,,,,,,,崇拜,,,,0,Horde
白色的黑猫,黑水海盗外包岗,50,恶魔猎手,血精灵,Female,17,,,,,,,崇拜,,,,0,Horde
白鯨,加乐宫白金会员,80,牧师,幻容,Female,1,,,,,,,崇拜,,,,3567,Alliance
白鯨儿,安德麦滴滴司机,80,圣骑士,人类,Female,1,,,,,,,中立,,,,0,Alliance
白鯨儿,锈水财阀合同工,60,圣骑士,血精灵,Female,114,,,,,,,崇敬,,,,0,Horde
白鱼,锈水财阀合同工,62,唤魔师,幻容,Female,162,,,,,,,友善,,,,0,Horde
白鲸,锈水财阀合同工,73,术士,亡灵,Female,36,,,,,,,崇拜,,,,0,Horde
白鲸儿,锈水财阀合同工,60,牧师,亡灵,Female,137,,,,,,,崇拜,铭文炼金磨刀石裁缝制皮附魔可以喊我做橙坯不会,,,0,Horde
百里寒,黑水海盗外包岗,60,武僧,兽人,Male,268,,,,,,,崇拜,,,,0,Horde
皮皮丶,安德麦滴滴司机,80,死亡骑士,兽人,Female,315,,,,,,,崇拜,,,,0,Horde
盐社狂魔,安德麦滴滴司机,70,猎人,赞达拉巨魔,Male,250,,,,,,,崇拜,,,,0,Horde
盗盗道,安德麦滴滴司机,80,潜行者,土灵,Female,6,,,,,,,中立,,,,0,Horde
盘古,安德麦滴滴司机,80,唤魔师,幻容,Male,328,,,,,,,崇拜,,,,147,Horde
盘古不开天,安德麦滴滴司机,80,死亡骑士,玛格汉兽人,Male,38,,,,,,,尊敬,,,,2878,Horde
盼盼丶,黑水海盗外包岗,80,潜行者,兽人,Female,296,,,,,,,崇拜,,,,170,Horde
真不是難罠,安德麦滴滴司机,80,牧师,矮人,Male,108,,,,,,,中立,,,,0,Alliance
真丶无双绝伦,安德麦滴滴司机,80,死亡骑士,牛头人,Female,26,,,,,,,崇拜,,,,0,Horde
真了然,暗索高级特工,80,圣骑士,血精灵,Male,20,,,,,,,崇拜,批发海鲜,,,0,Horde
真的不是難罠,锈水财阀合同工,80,术士,矮人,Male,102,,,,,,,友善,韬博,,,508,Alliance
真的会谢,锈水财阀合同工,71,猎人,兽人,Male,131,,,,,,,崇拜,梦想是超越很美。,,,0,Horde
破晓尘星,安德麦滴滴司机,80,圣骑士,血精灵,Female,0.63,,,,,,,崇敬,,,,3068,Horde
破魄,风险投资公司业务员,80,潜行者,狐人,Male,0.71,,,,,,,崇拜,,,,0,Horde
祚轉,安德麦滴滴司机,80,战士,牛头人,Male,63,,,,,,,崇拜,,,,0,Horde
神圣梦女,安德麦滴滴司机,60,圣骑士,血精灵,Female,337,,,,,,,崇拜,,,,0,Horde
神弃之子,安德麦滴滴司机,60,术士,亡灵,Male,265,,,,,,,崇拜,手残党,,,0,Horde
神那,安德麦滴滴司机,60,武僧,熊猫人,Female,278,,,,,,,友善,,,,0,Horde
祥仔儿,安德麦滴滴司机,80,圣骑士,牛头人,Male,56,,,,,,,崇拜,,,,758,Horde
祥崽,安德麦滴滴司机,80,萨满祭司,玛格汉兽人,Male,143,,,,,,,中立,,,,0,Horde
福尓摩斯,安德麦滴滴司机,80,死亡骑士,血精灵,Female,0.29,,,,,,,崇拜,,,,1912,Horde
秋小牛,安德麦滴滴司机,70,圣骑士,牛头人,Male,215,,,,,,,尊敬,,,,0,Horde
空想家,黑水海盗外包岗,70,猎人,血精灵,Female,346,,,,,,,崇敬,,,,0,Horde
竖市,安德麦滴滴司机,70,术士,兽人,Male,174,,,,,,,友善,,,,0,Horde
童灬虎,安德麦滴滴司机,73,死亡骑士,兽人,Male,251,,,,,,,崇拜,,,,0,Horde
竹子,安德麦滴滴司机,70,武僧,熊猫人,Female,253,,,,,,,尊敬,,,,0,Horde
笑傲小风,黑水海盗外包岗,60,萨满祭司,兽人,Male,182,,,,,,,崇拜,,工会第一萨满第一牧师,,0,Horde
笑川孙一郎,安德麦滴滴司机,80,死亡骑士,牛头人,Male,33,,,,,,,崇敬,,,,659,Horde
筱宵,安德麦滴滴司机,62,圣骑士,血精灵,Female,359,,,,,,,崇敬,,,,0,Horde
米路西,安德麦滴滴司机,80,死亡骑士,狐人,Female,3,,,,,,,崇拜,居仔,,,0,Horde
粉红色小学,安德麦滴滴司机,80,牧师,血精灵,Female,3,,,,,,,崇敬,阿赵,,,3087,Horde
粉红色的小学,安德麦滴滴司机,80,牧师,血精灵,Female,199,,,,,,,中立,,,,0,Horde
精卫不填海,安德麦滴滴司机,80,萨满祭司,玛格汉兽人,Male,38,,,,,,,崇敬,,,,2891,Horde
糕达扭蛋姬,安德麦滴滴司机,80,圣骑士,光铸德莱尼,Female,31,,,,,,,崇拜,,,,0,Alliance
糖念兰,安德麦滴滴司机,80,恶魔猎手,血精灵,Female,10,,,,,,,崇拜,,,,0,Horde
索居居,安德麦滴滴司机,80,武僧,熊猫人,Male,6,,,,,,,崇敬,,,,0,Alliance
索弥,安德麦滴滴司机,60,猎人,血精灵,Male,21,,,,,,,友善,,,,0,Horde
索影,安德麦滴滴司机,80,恶魔猎手,血精灵,Male,3,,,,,,,崇拜,,,,2643,Horde
索迩,安德麦滴滴司机,80,猎人,兽人,Female,9,,,,,,,崇拜,,,,2576,Horde
索锋,安德麦滴滴司机,60,术士,亡灵,Male,21,,,,,,,中立,,,,0,Horde
紫冰色,黑水海盗外包岗,50,牧师,血精灵,Female,1959,,,,,,,崇拜,,,,0,Horde
红色的白猫,风险投资公司业务员,80,猎人,血精灵,Female,12,,,,,,,崇拜,,,,0,Horde
红颜如霜,安德麦滴滴司机,76,猎人,血精灵,Female,302,,,,,,,崇拜,,,,0,Horde
红黑,风险投资公司业务员,80,圣骑士,血精灵,Female,2,,,,,,,崇拜,,,,2156,Horde
约翰传奇,安德麦滴滴司机,60,德鲁伊,至高岭牛头人,Male,339,,,,,,,尊敬,树下,,,0,Horde
纯度蓝色,安德麦滴滴司机,80,猎人,血精灵,Male,14,,,,,,,崇拜,,,,0,Horde
纯爱战神丶,安德麦滴滴司机,80,战士,牛头人,Male,222,,,,,,,崇敬,,,,2590,Horde
纵马且长歌,安德麦滴滴司机,80,战士,至高岭牛头人,Male,257,,,,,,,崇拜,,,,0,Horde
细支荷花,安德麦滴滴司机,80,萨满祭司,地精,Female,17,,,,,,,中立,,,,0,Horde
织女丿,安德麦滴滴司机,80,恶魔猎手,血精灵,Female,217,,,,,,,崇敬,,,,0,Horde
终极感染,黑水海盗外包岗,60,德鲁伊,赞达拉巨魔,Male,1266,,,,,,,崇拜,上班打魔兽,,,0,Horde
绒绒牛,黑水海盗外包岗,60,德鲁伊,牛头人,Female,161,,,,,,,崇敬,,,,0,Horde
绕指柔,安德麦滴滴司机,80,牧师,幻容,Female,88,,,,,,,友善,,,,0,Horde
络缲茶茶丸,安德麦滴滴司机,80,战士,血精灵,Female,2,,,,,,,崇敬,,,,0,Horde
绝世瘦瘦,安德麦滴滴司机,51,猎人,巨魔,Male,341,,,,,,,中立,,,,0,Horde
绝版野仔,安德麦滴滴司机,80,潜行者,血精灵,Female,5,,,,,,,崇拜,,,,0,Horde
绝绝子,安德麦滴滴司机,60,猎人,熊猫人,Female,352,,,,,,,友善,,,,0,Horde
绫華,安德麦滴滴司机,80,牧师,夜之子,Female,132,,,,,,,友善,,,,0,Horde
绯雪,黑水海盗外包岗,80,恶魔猎手,血精灵,Female,7,,,,,,,崇拜,,,,0,Horde
维涅斯,风险投资公司业务员,80,圣骑士,血精灵,Male,2,,,,,,,崇拜,,,,3070,Horde
网友小陈,安德麦滴滴司机,60,法师,血精灵,Female,345,,,,,,,崇敬,,,,0,Horde
美依丶礼芽,安德麦滴滴司机,80,法师,狐人,Female,2,,,,,,,中立,,,,0,Horde
美年达果味水,安德麦滴滴司机,51,恶魔猎手,血精灵,Female,1261,,,,,,,崇敬,,,,0,Horde
聖丫,安德麦滴滴司机,80,圣骑士,赞达拉巨魔,Female,3,,,,,,,中立,,,,0,Horde
肉鹅阿本,安德麦滴滴司机,80,死亡骑士,兽人,Female,165,,,,,,,崇拜,,,,0,Horde
肖然,安德麦滴滴司机,60,圣骑士,血精灵,Male,212,,,,,,,崇拜,,,,0,Horde
肾肾,安德麦滴滴司机,80,死亡骑士,血精灵,Female,3,,,,,,,崇敬,佑汐,,,0,Horde
胶棒倍儿粘,安德麦滴滴司机,80,圣骑士,血精灵,Female,121,,,,,,,中立,,,,0,Horde
腊月吃腊肉,安德麦滴滴司机,80,圣骑士,黑铁矮人,Male,10,,,,,,,尊敬,,,,170,Alliance
自伤无色,安德麦滴滴司机,55,猎人,血精灵,Female,267,,,,,,,崇拜,,,,0,Horde
自由糕达,安德麦滴滴司机,61,死亡骑士,人类,Female,157,,,,,,,尊敬,,,,0,Alliance
芝芝布丁,安德麦滴滴司机,65,法师,兽人,Male,47,,,,,,,崇拜,,,,0,Horde
芯德芮拉,安德麦滴滴司机,80,圣骑士,血精灵,Female,235,,,,,,,崇拜,,,,0,Horde
花果山马喽,安德麦滴滴司机,70,圣骑士,血精灵,Female,351,,,,,,,崇敬,,,,275,Horde
花狗蛋,黑水海盗外包岗,70,术士,血精灵,Female,277,,,,,,,崇拜,虚空领主  术士大师 第一转球术,,,0,Horde
花都拔的鸟,安德麦滴滴司机,80,萨满祭司,地精,Female,69,,,,,,,崇拜,,,,0,Horde
苏四六,黑水海盗外包岗,80,牧师,血精灵,Female,249,,,,,,,崇拜,打不过,,,0,Horde
范尼斯特鲁伊,安德麦滴滴司机,70,德鲁伊,牛头人,Male,348,,,,,,,崇拜,,,,0,Horde
范德萨啊,加乐宫白金会员,80,牧师,亡灵,Female,211,,,,,,,崇拜,锈铁,,,838,Horde
荆门第一男枪,安德麦滴滴司机,50,武僧,兽人,Male,1190,,,,,,,中立,帅的被人砍,帅,,0,Horde
草莓大福,安德麦滴滴司机,80,圣骑士,光铸德莱尼,Female,3,,,,,,,崇敬,,,,0,Alliance
荒野守护者,安德麦滴滴司机,80,猎人,巨魔,Male,0.29,,,,,,,崇拜,,,,0,Horde
荔枝大福,安德麦滴滴司机,80,德鲁伊,暗夜精灵,Female,18,,,,,,,中立,,,,0,Alliance
药神,黑水海盗外包岗,50,牧师,亡灵,Male,1,,,,,,,友善,夢队长朋友小号,,,0,Horde
莉亞德琳丶,安德麦滴滴司机,70,圣骑士,血精灵,Female,253,,,,,,,尊敬,,,,0,Horde
莫得感情的人,安德麦滴滴司机,80,法师,血精灵,Male,109,,,,,,,崇敬,,,,0,Horde
莫西干莫西干,安德麦滴滴司机,60,法师,血精灵,Female,128,,,,,,,崇敬,Blueberry,,,0,Horde
莱欧斯,锈水财阀合同工,80,牧师,血精灵,Female,24,,,,,,,崇拜,,,,3061,Horde
菊花芭比,安德麦滴滴司机,80,猎人,熊猫人,Male,207,,,,,,,崇拜,,,,2649,Horde
菠萝儿,安德麦滴滴司机,61,圣骑士,血精灵,Female,141,,,,,,,尊敬,,,,0,Horde
菲尔夏梦,安德麦滴滴司机,70,萨满祭司,狐人,Female,55,,,,,,,崇拜,,,,0,Horde
萌虾米,热砂炼金实习生,80,猎人,血精灵,Female,279,,,,,,,崇拜,,,,0,Horde
萨丫,安德麦滴滴司机,80,萨满祭司,赞达拉巨魔,Male,3,,,,,,,崇拜,,,,0,Horde
萨妮儿,安德麦滴滴司机,80,萨满祭司,德莱尼,Female,3,,,,,,,中立,,,,0,Alliance
萨币,安德麦滴滴司机,80,萨满祭司,狐人,Female,271,,,,,,,尊敬,牧光,,,0,Horde
萨灬爾,安德麦滴滴司机,70,萨满祭司,玛格汉兽人,Male,282,,,,,,,尊敬,,,,0,Horde
萨诺斯,安德麦滴滴司机,70,圣骑士,血精灵,Male,345,,,,,,,崇拜,,,,0,Horde
萨鲁法海,安德麦滴滴司机,80,死亡骑士,兽人,Male,234,,,,,,,崇敬,,,,0,Horde
落花听雨,安德麦滴滴司机,80,潜行者,血精灵,Female,28,,,,,,,崇敬,,,,269,Horde
蓝龙,安德麦滴滴司机,70,德鲁伊,牛头人,Male,323,,,,,,,崇拜,,,,0,Horde
蕉焦蕉蕉焦蕉,黑水海盗外包岗,50,死亡骑士,兽人,Male,1998,,,,,,,崇拜,光头程序猿,程序猿,,0,Horde
蕾玖,安德麦滴滴司机,80,术士,亡灵,Female,1,,,,,,,崇拜,,,,607,Horde
虾饼不是饼,安德麦滴滴司机,60,战士,兽人,Male,138,,,,,,,崇敬,,,,0,Horde
蛊惑,安德麦滴滴司机,80,萨满祭司,玛格汉兽人,Female,3,,,,,,,崇拜,,,,0,Horde
蛋汤丶小笼包,锈水财阀合同工,80,猎人,赞达拉巨魔,Female,4,,,,,,,崇拜,佑汐,,,2600,Horde
蛋清灬,安德麦滴滴司机,80,牧师,血精灵,Male,307,,,,,,,尊敬,,,,195,Horde
蛋黄酱丶,安德麦滴滴司机,53,牧师,地精,Female,355,,,,,,,中立,,,,0,Horde
蝴蝶的左翼,安德麦滴滴司机,80,猎人,血精灵,Female,243,,,,,,,崇敬,,,,2035,Horde
血影杀神,安德麦滴滴司机,80,战士,牛头人,Male,71,,,,,,,尊敬,,,,0,Horde
血色圣光临,黑水海盗外包岗,80,圣骑士,血精灵,Male,2,,,,,,,崇拜,满级裁缝和附魔,,,2685,Horde
被咕咕骑的槑,黑水海盗外包岗,51,圣骑士,血精灵,Female,17,,,,,,,崇拜,,,,0,Horde
装神,安德麦滴滴司机,80,德鲁伊,牛头人,Male,221,,,,,,,尊敬,,,,0,Horde
西瓜大福,安德麦滴滴司机,80,牧师,机械侏儒,Female,4,,,,,,,尊敬,,,,170,Alliance
西西嘻嘻,安德麦滴滴司机,80,圣骑士,血精灵,Female,222,,,,,,,崇拜,,,,2944,Horde
西途,暗索高级特工,80,德鲁伊,暗夜精灵,Female,0.67,,,,,,,友善,,,,3647,Alliance
西门吹炮,热砂炼金实习生,74,武僧,熊猫人,Male,165,,,,,,,崇敬,,,,0,Horde
覆体之影,安德麦滴滴司机,80,潜行者,亡灵,Male,36,,,,,,,崇敬,,,,0,Horde
见亦思签丶,安德麦滴滴司机,80,圣骑士,血精灵,Female,3,,,,,,,崇敬,,,,0,Horde
观星者,黑水海盗外包岗,71,术士,夜之子,Female,295,,,,,,,崇拜,,,,0,Horde
訫無雜念,黑水海盗外包岗,80,法师,血精灵,Female,15,,,,,,,崇拜,,,,0,Horde
诅咒之手,安德麦滴滴司机,80,恶魔猎手,血精灵,Male,3,,,,,,,崇敬,,,,0,Horde
语风丶,安德麦滴滴司机,60,法师,夜之子,Female,244,,,,,,,崇拜,我是摸橙啊,,,0,Horde
诸葛亮,安德麦滴滴司机,80,猎人,狐人,Male,0.75,,,,,,,崇拜,,,,0,Horde
谜之熊猫人,安德麦滴滴司机,80,武僧,熊猫人,Male,5,,,,,,,崇敬,,,,0,Horde
貓爪爪,安德麦滴滴司机,80,武僧,熊猫人,Female,0.92,,,,,,,崇拜,,,,0,Horde
贝列马里斯,安德麦滴滴司机,80,死亡骑士,兽人,Female,64,,,,,,,尊敬,,,,3154,Horde
贝贝恩,安德麦滴滴司机,60,战士,兽人,Female,1264,,,,,,,崇拜,,,,0,Horde
贝贝牛,安德麦滴滴司机,60,德鲁伊,巨魔,Female,1264,,,,,,,崇拜,,,,0,Horde
贺丨威,安德麦滴滴司机,46,恶魔猎手,血精灵,Female,918,,,,,,,崇拜,,,,0,Horde
赊刀人,安德麦滴滴司机,80,法师,亡灵,Male,82,,,,,,,崇拜,我是新人求带带,,,0,Horde
赞达拉圣职者,安德麦滴滴司机,80,死亡骑士,地精,Male,52,,,,,,,崇拜,,,,0,Horde
赞达拉流亡者,安德麦滴滴司机,73,牧师,赞达拉巨魔,Male,74,,,,,,,崇敬,,,,0,Horde
赤名莉香,安德麦滴滴司机,80,牧师,血精灵,Female,26,,,,,,,尊敬,,,,2953,Horde
超威蓝猫,安德麦滴滴司机,52,术士,血精灵,Male,257,,,,,,,崇敬,,,,0,Horde
路人甲是我,安德麦滴滴司机,80,死亡骑士,牛头人,Male,5,,,,,,,崇拜,,,,0,Horde
躁动不安,安德麦滴滴司机,80,萨满祭司,至高岭牛头人,Male,0.04,,,,,,,崇拜,,,,2666,Horde
躁动灬,黑水海盗外包岗,51,术士,巨魔,Female,1147,,,,,,,崇拜,,,,0,Horde
车寄将军沃克,安德麦滴滴司机,80,萨满祭司,牛头人,Male,226,,,,,,,崇拜,,,,218,Horde
轩辕圣光箭,安德麦滴滴司机,80,猎人,库尔提拉斯人,Male,25,,,,,,,崇拜,,,,0,Alliance
轩辕火花剑,安德麦滴滴司机,80,死亡骑士,库尔提拉斯人,Male,75,,,,,,,友善,,,,0,Alliance
轩辕烈火剑,安德麦滴滴司机,50,圣骑士,人类,Male,36,,,,,,,友善,,,,0,Alliance
轩辕烈火剑,安德麦滴滴司机,80,圣骑士,德莱尼,Male,28,,,,,,,崇拜,珠宝代工,,,0,Alliance
轩辕烽火剑,安德麦滴滴司机,71,德鲁伊,暗夜精灵,Male,170,,,,,,,中立,,,,0,Alliance
轩辕烽火剑,安德麦滴滴司机,80,战士,血精灵,Male,25,,,,,,,崇拜,,,,0,Horde
轩辕逍遥剑,安德麦滴滴司机,20,武僧,熊猫人,Male,96,,,,,,,中立,,,,0,Horde
轩辕邪火剑,安德麦滴滴司机,80,死亡骑士,地精,Male,24,,,,,,,崇拜,,,,0,Horde
轩辕龙王剑,安德麦滴滴司机,80,唤魔师,幻容,Male,24,,,,,,,尊敬,,,,0,Horde
转角遇盗賊,安德麦滴滴司机,70,潜行者,兽人,Male,35,,,,,,,崇拜,,,,0,Horde
转身离去,安德麦滴滴司机,60,牧师,血精灵,Female,287,,,,,,,尊敬,混子,,,0,Horde
轴种,加乐宫白金会员,80,术士,玛格汉兽人,Male,0.02,,,,,,,崇拜,,,,3114,Horde
迈克白,安德麦滴滴司机,80,德鲁伊,牛头人,Male,215,,,,,,,崇敬,,,,2606,Horde
还有一波,安德麦滴滴司机,80,牧师,血精灵,Female,147,,,,,,,尊敬,,,,2693,Horde
进击的城墙,风险投资公司业务员,80,德鲁伊,至高岭牛头人,Male,0.46,,,,,,,崇拜,,,,1726,Horde
迦罗娅,安德麦滴滴司机,80,潜行者,兽人,Female,3,,,,,,,崇拜,,,,0,Horde
迪狸热巴,安德麦滴滴司机,80,法师,狐人,Female,6,,,,,,,中立,,,,0,Horde
迷失之牙纳尔,黑水海盗外包岗,50,战士,牛头人,Male,1,,,,,,,尊敬,夢队长朋友小号,,,0,Horde
迷糊丶精灵,安德麦滴滴司机,80,法师,血精灵,Female,310,,,,,,,崇拜,,,,865,Horde
逆伦,黑水海盗外包岗,80,萨满祭司,牛头人,Male,2,,,,,,,崇拜,,,,0,Horde
逸龙戏贰凤,风险投资公司业务员,80,猎人,巨魔,Male,0.33,,,,,,,崇拜,,,,3031,Horde
道别哀歌,暗索高级特工,80,战士,幻容,Female,67,,,,,,,崇拜,,,,3137,Horde
那你又是什么,安德麦滴滴司机,70,恶魔猎手,血精灵,Female,241,,,,,,,尊敬,blueberry,,,0,Horde
那半隻大紅鷹,安德麦滴滴司机,80,潜行者,血精灵,Male,0.83,,,,,,,崇拜,夢队长朋友小号,,,0,Horde
酆都城大王爷,风险投资公司业务员,80,德鲁伊,牛头人,Male,307,,,,,,,崇拜,,,,196,Horde
醇香老腊肉,安德麦滴滴司机,70,法师,亡灵,Male,323,,,,,,,崇拜,,,,0,Horde
醉黄昏,安德麦滴滴司机,80,法师,血精灵,Female,150,,,,,,,尊敬,,,,414,Horde
醒了丶,安德麦滴滴司机,80,恶魔猎手,暗夜精灵,Female,76,,,,,,,尊敬,,,,0,Alliance
重装糕达,安德麦滴滴司机,80,死亡骑士,光铸德莱尼,Female,24,,,,,,,崇拜,锻造代工,,,0,Alliance
野味鉴赏家,风险投资公司业务员,80,圣骑士,血精灵,Female,2,,,,,,,崇拜,,,,2815,Horde
野外勘察员,加乐宫白金会员,80,猎人,兽人,Female,3,,,,,,,崇拜,,,,2771,Horde
野外摄影师,安德麦滴滴司机,80,猎人,巨魔,Male,45,,,,,,,崇拜,,,,0,Horde
野蛮防御,安德麦滴滴司机,80,德鲁伊,牛头人,Male,118,,,,,,,崇拜,,,,0,Horde
鉮聖哋洸,安德麦滴滴司机,80,圣骑士,血精灵,Male,218,,,,,,,崇拜,,,,2060,Horde
钟湳嗨保安,安德麦滴滴司机,80,战士,赞达拉巨魔,Male,255,,,,,,,崇敬,,,,2625,Horde
钟起意难平,安德麦滴滴司机,80,萨满祭司,至高岭牛头人,Male,2,,,,,,,崇拜,是摸橙啊,,,0,Horde
锅包幼,安德麦滴滴司机,80,圣骑士,血精灵,Female,13,,,,,,,友善,,,,0,Horde
锅包幼丶,安德麦滴滴司机,80,法师,夜之子,Female,3,,,,,,,尊敬,,,,0,Horde
长夜无眠,锈水财阀合同工,80,死亡骑士,血精灵,Female,14,,,,,,,崇拜,,,,3050,Horde
闲多多,安德麦滴滴司机,71,恶魔猎手,血精灵,Male,0.58,,,,,,,尊敬,,,,0,Horde
阴阳唤魔师,安德麦滴滴司机,80,唤魔师,幻容,Male,10,,,,,,,中立,,,,0,Horde
阿姨别这样,黑水海盗外包岗,60,法师,血精灵,Female,364,,,,,,,崇敬,,,,0,Horde
阿屑,安德麦滴滴司机,60,恶魔猎手,血精灵,Female,5,,,,,,,崇敬,,,,0,Horde
阿暖丶,安德麦滴滴司机,80,德鲁伊,暗夜精灵,Female,131,,,,,,,中立,,,,0,Alliance
阿杜,黑水海盗外包岗,80,猎人,兽人,Male,0.79,,,,,,,崇拜,,,,0,Horde
阿灯丶,安德麦滴滴司机,50,牧师,血精灵,Female,337,,,,,,,崇拜,,,,0,Horde
阿瑞斯丶矛,安德麦滴滴司机,70,战士,牛头人,Male,41,,,,,,,尊敬,,,,0,Horde
阿莱克丝塔萨,安德麦滴滴司机,70,唤魔师,幻容,Female,59,,,,,,,崇敬,,,,0,Horde
阿鲁迪巴,安德麦滴滴司机,80,圣骑士,牛头人,Male,2,,,,,,,崇拜,,,,0,Horde
陈丶国酒茅台,安德麦滴滴司机,80,武僧,熊猫人,Male,206,,,,,,,崇拜,,,,574,Horde
陈二术,安德麦滴滴司机,80,术士,狐人,Female,173,,,,,,,尊敬,,,,0,Horde
陈皮,加乐宫白金会员,80,武僧,狐人,Female,4,,,,,,,崇拜,,,,2828,Horde
陈芝豹,黑水海盗外包岗,76,恶魔猎手,血精灵,Male,223,,,,,,,崇拜,,,,0,Horde
陌上丶丶,黑水海盗外包岗,64,术士,地精,Male,362,,,,,,,崇拜,寒风,,,0,Horde
限制级,锈水财阀合同工,70,潜行者,亡灵,Male,929,,,,,,,友善,导演,,,2190,Horde
随风思雨,安德麦滴滴司机,80,武僧,亡灵,Female,3,,,,,,,崇敬,随风,,,0,Horde
随风漫步,安德麦滴滴司机,80,死亡骑士,兽人,Female,3,,,,,,,崇拜,随风,,,0,Horde
随风狂舞,安德麦滴滴司机,80,法师,血精灵,Female,3,,,,,,,友善,,,,0,Horde
随风飘絮,安德麦滴滴司机,80,圣骑士,血精灵,Female,0.02,,,,,,,崇拜,随风,,,127,Horde
隔壁老张呀,安德麦滴滴司机,80,死亡骑士,牛头人,Male,174,,,,,,,中立,,,,0,Horde
隔壁老腊肉,安德麦滴滴司机,80,德鲁伊,牛头人,Male,2,,,,,,,崇敬,,,,0,Horde
隔壁老辣肉,安德麦滴滴司机,70,萨满祭司,兽人,Male,4,,,,,,,崇拜,,,,0,Horde
雪色峰叶,安德麦滴滴司机,80,术士,夜之子,Male,234,,,,,,,崇敬,,,,0,Horde
雪蒂凯,加乐宫白金会员,80,死亡骑士,血精灵,Female,15,,,,,,,崇拜,塔格利安,,,3315,Horde
零食糕达,安德麦滴滴司机,77,死亡骑士,侏儒,Female,28,,,,,,,中立,,,,0,Alliance
雷伽大地之怒,安德麦滴滴司机,70,萨满祭司,兽人,Male,339,,,,,,,崇拜,树下,,,0,Horde
雷神啊鼻子哟,安德麦滴滴司机,80,恶魔猎手,血精灵,Female,22,,,,,,,中立,,,,0,Horde
雷锅锁嗨,安德麦滴滴司机,80,战士,玛格汉兽人,Male,8,,,,,,,尊敬,,,,0,Horde
震霸天,安德麦滴滴司机,80,猎人,矮人,Male,6,,,,,,,崇敬,,,,0,Alliance
靑栀丶,黑水海盗外包岗,60,猎人,兽人,Female,959,,,,,,,崇敬,顶级理解丶,,,0,Horde
靖三绿,安德麦滴滴司机,80,恶魔猎手,血精灵,Female,31,,,,,,,崇拜,,,,0,Horde
静茹,安德麦滴滴司机,80,圣骑士,血精灵,Female,2,,,,,,,崇拜,,,,0,Horde
非酋夫人,安德麦滴滴司机,80,德鲁伊,赞达拉巨魔,Female,190,,,,,,,崇拜,,,,0,Horde
鞭王,加乐宫白金会员,80,萨满祭司,玛格汉兽人,Male,45,,,,,,,尊敬,,,,1273,Horde
韩先生丶,安德麦滴滴司机,80,武僧,熊猫人,Male,234,,,,,,,中立,,,,0,Horde
韩小蛋,黑水海盗外包岗,50,潜行者,熊猫人,Female,1666,,,,,,,崇拜,帅的被人砍~,帅,,0,Horde
顔顔,安德麦滴滴司机,70,法师,血精灵,Female,8,,,,,,,崇拜,,,,0,Horde
顶级理解丶,黑水海盗外包岗,60,潜行者,血精灵,Female,958,,,,,,,崇拜,,,,0,Horde
顾北清歌寒,安德麦滴滴司机,80,牧师,血精灵,Female,199,,,,,,,尊敬,,,,2836,Horde
風少爷,安德麦滴滴司机,80,死亡骑士,血精灵,Female,0.08,,,,,,,崇敬,,,,2036,Horde
風少爷丶,安德麦滴滴司机,80,猎人,至高岭牛头人,Male,19,,,,,,,中立,,,,0,Horde
風舞英雄,安德麦滴滴司机,80,潜行者,亡灵,Male,50,,,,,,,崇拜,,,,0,Horde
风中云游,安德麦滴滴司机,80,潜行者,亡灵,Male,21,,,,,,,崇拜,,,,0,Horde
风凰,暗索高级特工,80,潜行者,亡灵,Male,17,,,,,,,崇拜,,,,0,Horde
风剑的荣耀,安德麦滴滴司机,80,战士,玛格汉兽人,Male,0.5,,,,,,,崇拜,,,,166,Horde
风吹血,安德麦滴滴司机,80,死亡骑士,亡灵,Male,215,,,,,,,友善,,,,1340,Horde
风尐爷,安德麦滴滴司机,80,法师,血精灵,Female,0.04,,,,,,,尊敬,,,,0,Horde
风尐爷丶,黑水海盗外包岗,80,圣骑士,血精灵,Female,0.79,,,,,,,尊敬,,,,2728,Horde
风少爷丶,暗索高级特工,80,萨满祭司,玛格汉兽人,Female,2,,,,,,,崇拜,,,,3175,Horde
风少爺,加乐宫白金会员,80,恶魔猎手,血精灵,Female,2,,,,,,,尊敬,,,,3023,Horde
风少爺丶,安德麦滴滴司机,80,唤魔师,幻容,Female,19,,,,,,,中立,,,,0,Horde
风怒人,安德麦滴滴司机,80,萨满祭司,熊猫人,Female,3,,,,,,,中立,,,,0,Alliance
风暴守护者,安德麦滴滴司机,80,萨满祭司,牛头人,Male,7,,,,,,,崇拜,,,,0,Horde
风语丶无殇,安德麦滴滴司机,80,潜行者,兽人,Female,13,,,,,,,中立,,,,0,Horde
风雨夜归人,安德麦滴滴司机,70,猎人,巨魔,Female,215,,,,,,,崇敬,,,,0,Horde
飘落丶樱花,黑水海盗外包岗,80,潜行者,夜之子,Female,13,,,,,,,崇拜,,,,0,Horde
飞碟在灰,安德麦滴滴司机,80,战士,牛头人,Male,113,,,,,,,尊敬,,,,0,Horde
食尸鬼卫兵,安德麦滴滴司机,80,战士,亡灵,Male,5,,,,,,,崇拜,,,,0,Horde
饭祷爱,安德麦滴滴司机,80,武僧,熊猫人,Male,0.29,,,,,,,崇拜,清醒的梦魇,,,0,Horde
首席团教官,安德麦滴滴司机,74,战士,人类,Male,0.04,,,,,,,崇敬,,,,0,Alliance
首席团骑士,黑水海盗外包岗,80,死亡骑士,血精灵,Male,1,,,,,,,崇拜,,,,0,Horde
香克斯,安德麦滴滴司机,80,猎人,熊猫人,Male,0.13,,,,,,,崇拜,,,,2577,Horde
香煎犹鱼,安德麦滴滴司机,80,战士,人类,Female,3,,,,,,,中立,,,,0,Alliance
香菜吧噗,安德麦滴滴司机,80,术士,血精灵,Female,106,,,,,,,友善,,,,335,Horde
马丶里奥,安德麦滴滴司机,80,圣骑士,血精灵,Male,1,,,,,,,崇拜,,,,0,Horde
马可波罗,安德麦滴滴司机,80,圣骑士,血精灵,Male,0.88,,,,,,,崇拜,,,,3111,Horde
马可波萝,安德麦滴滴司机,80,死亡骑士,玛格汉兽人,Male,1,,,,,,,崇敬,,,,2999,Horde
马尾人,加乐宫白金会员,80,死亡骑士,侏儒,Female,3,,,,,,,友善,,,,3007,Alliance
骨头啊,安德麦滴滴司机,80,圣骑士,血精灵,Female,191,,,,,,,友善,,,,0,Horde
高洁的教皇,黑水海盗外包岗,60,法师,巨魔,Female,1119,,,,,,,崇拜,躁动,,,0,Horde
魂之皈依,黑水海盗外包岗,80,萨满祭司,牛头人,Male,247,,,,,,,崇拜,,,,0,Horde
魂星,黑水海盗外包岗,70,恶魔猎手,血精灵,Female,351,,,,,,,崇拜,,,,417,Horde
魍易,黑水海盗外包岗,70,德鲁伊,巨魔,Female,234,,,,,,,崇拜,,,,0,Horde
黄昏之龙,安德麦滴滴司机,80,唤魔师,幻容,Female,150,,,,,,,中立,,,,394,Alliance
黄昏殇,安德麦滴滴司机,80,战士,兽人,Male,79,,,,,,,崇敬,,,,0,Horde
黄昏萨满,安德麦滴滴司机,80,萨满祭司,兽人,Male,150,,,,,,,中立,,,,806,Horde
黄珊,风险投资公司业务员,70,牧师,血精灵,Female,345,,,,,,,崇拜,,,,0,Horde
黑咖啡的心情,暗索高级特工,80,死亡骑士,血精灵,Female,36,,,,,,,崇拜,冷月,,,2946,Horde
黑牛唛片,安德麦滴滴司机,80,圣骑士,牛头人,Male,2,,,,,,,尊敬,,,,0,Horde
黑猫丶,安德麦滴滴司机,80,术士,机械侏儒,Female,18,,,,,,,中立,,,,0,Alliance
黑玫瑰,风险投资公司业务员,70,法师,血精灵,Female,349,,,,,,,崇拜,,,,0,Horde
黒角,黑水海盗外包岗,80,战士,牛头人,Male,39,,,,,,,崇拜,你的头会找到我的灭战者,,,0,Horde
黯影刃客,安德麦滴滴司机,80,恶魔猎手,血精灵,Male,0.71,,,,,,,崇拜,,,,0,Horde
鼎级战式,安德麦滴滴司机,80,战士,牛头人,Male,311,,,,,,,崇拜,,,,315,Horde
齐藤朱夏,黑水海盗外包岗,80,恶魔猎手,血精灵,Female,4,,,,,,,崇拜,双莱登 暮光炮,,,3076,Horde
龍骑兵,安德麦滴滴司机,70,唤魔师,幻容,Female,186,,,,,,,友善,,,,0,Horde
龘丫,安德麦滴滴司机,80,唤魔师,幻容,Female,3,,,,,,,崇拜,居仔,,,0,Horde
龘飝飍舞,安德麦滴滴司机,80,战士,赞达拉巨魔,Female,3,,,,,,,崇拜,,,,2573,Horde
龙佑佑,安德麦滴滴司机,11,法师,虚空精灵,Female,14,,,,,,,中立,,,,0,Alliance
龙傲娇,安德麦滴滴司机,11,武僧,狐人,Female,16,,,,,,,中立,,,,0,Horde
龙卷风风,安德麦滴滴司机,72,唤魔师,幻容,Female,4,,,,,,,中立,,,,0,Horde
龙小妹,安德麦滴滴司机,70,唤魔师,幻容,Female,339,,,,,,,崇拜,,,,443,Horde
龙希希,安德麦滴滴司机,80,唤魔师,幻容,Female,0.63,,,,,,,崇敬,,,,2339,Horde
龙窈夫人,热砂炼金实习生,80,术士,幻容,Female,199,,,,,,,崇拜,,,,1905,Horde
龙老师,安德麦滴滴司机,71,唤魔师,幻容,Female,0.67,,,,,,,中立,,,,0,Horde